{"meta":{"status":200,"message":[],"resultSet":{"id":"5dd1a8db-84ae-4b03-a2cd-08600dcb0fc2"},"pagination":{"total":1,"count":1,"max":100,"offset":0,"pageNum":1,"totalPages":1,"sort":"-datepublished,mediaid","previousUrl":"","currentUrl":"https://oadc-dmb-dev-service.cdc.gov/api/v2/resources/media.json?contentgroup=fluview weekly report&fields=id,name,description,mediatype,thumbnailurl,syndicateurl,embedurl,contenturl,alternateimages,tags,sourceurl,targeturl,status,enclosures&max=100&pagenum=1","nextUrl":""}},"results":[{"id":344116,"name":"FluView Weekly Influenza Surveillance Report","description":"FluView Weekly Influenza Surveillance Report","mediaType":"Feed Item","language":{"name":"English","isoCode":"eng"},"tags":[{"id":25822,"name":"Influenza (Flu)","language":"English","type":"Topic"}],"sourceUrl":"http://www.cdc.gov/flu/weekly/index.htm","syndicateUrl":"https://oadc-dmb-dev-service.cdc.gov/api/v2/resources/media/344116/syndicate.json","datePublished":"2009-08-24T17:21:00Z","dateModified":"2015-09-18T20:45:41Z","enclosures":[]}]}