{"meta":{"status":200,"message":[],"resultSet":{"id":"35e3c0ce-0e6f-43c3-8faf-2da56570076e"},"pagination":{"total":20,"count":20,"max":100,"offset":0,"pageNum":1,"totalPages":1,"sort":"-datepublished,mediaid","previousUrl":"","currentUrl":"https://oadc-dmb-dev-service.cdc.gov/api/v2/resources/media.json?contentgroup=instagram&fields=id,name,description,mediatype,thumbnailurl,syndicateurl,embedurl,contenturl,alternateimages,tags,sourceurl,targeturl,status,enclosures&max=100&pagenum=1","nextUrl":""}},"results":[{"id":344843,"name":" In Sierra Leone, CDC Director Dr. Tom Frieden meets with Dr. Foday and his team to learn of their dedicated work and first-hand experience with Ebola patients and survivors. \nTo learn more about CDC’s role in the Ebola response, visit the Road the Zero: link in bio","description":"\n                <p><a href=\"http://websta.me/n/cdcgov/\"><img src=\"https://igcdn-photos-h-a.akamaihd.net/hphotos-ak-xtp1/t51.2885-19/10956720_744402145675607_2120292398_a.jpg\" width=\"35\" height=\"35\"></a> <a href=\"http://websta.me/n/cdcgov/\">@cdcgov</a></p>\n                <p><a href=\"http://websta.me/p/1043572899578043955_456726206\"><img src=\"https://scontent.cdninstagram.com/hphotos-xaf1/t51.2885-15/s320x320/e35/11363929_496156333876076_1255802356_n.jpg\" width=\"306\" height=\"306\"></a></p>\n                                <p><strong>In Sierra Leone, CDC Director Dr. Tom Frieden meets with Dr. Foday and his team to learn of their dedicated work and first-hand experience with Ebola patients and survivors. \nTo learn more about CDC’s role in the Ebola response, visit the Road the Zero: link in bio</strong></p>\n                                <p>\n                    <img src=\"http://websta.me/img/likes.png\" width=\"14\" height=\"11\" alt=\"LIKES:\"> <span style=\"color:red;\">132</span>\n                     <img src=\"http://websta.me/img/comments.png\" width=\"14\" height=\"11\" alt=\"COMMENTS:\">1                </p>\n                                                <p style=\"font-weight:bold;font-style: italic;\">»<a href=\"http://websta.me/\">WEBSTA</a></p>\n                ","mediaType":"Feed Item","language":{"name":"English","isoCode":"eng"},"tags":[{"id":25389,"name":"CDC Social Media","language":"English","type":"Topic"},{"id":34525,"name":"Instagram","language":"English","type":"ContentGroup"}],"sourceUrl":"http://websta.me/p/1043572899578043955_456726206","syndicateUrl":"https://oadc-dmb-dev-service.cdc.gov/api/v2/resources/media/344843/syndicate.json","datePublished":"2015-09-21T15:23:34Z","dateModified":"2015-09-21T15:25:59Z","enclosures":[{"id":1651,"resourceUrl":"https://scontent.cdninstagram.com/hphotos-xaf1/t51.2885-15/s320x320/e35/11363929_496156333876076_1255802356_n.jpg","contentType":"image/jpeg","size":18026}]},{"id":344842,"name":" CDC Director Dr. Tom Frieden meets with Donka hospital nurse Claire Tchecola in Guinea. She is one of the few survivors who has made her story public and continues educating others about Ebola, even though she and her family have been stigmatized for it. \nLearn more about CDC’s role in the Ebola response on the Road to Zero: link in bio.","description":"\n                <p><a href=\"http://websta.me/n/cdcgov/\"><img src=\"https://igcdn-photos-h-a.akamaihd.net/hphotos-ak-xtp1/t51.2885-19/10956720_744402145675607_2120292398_a.jpg\" width=\"35\" height=\"35\"></a> <a href=\"http://websta.me/n/cdcgov/\">@cdcgov</a></p>\n                <p><a href=\"http://websta.me/p/1044264809372245509_456726206\"><img src=\"https://scontent.cdninstagram.com/hphotos-xaf1/t51.2885-15/s320x320/e35/11374065_842703662492270_8760109_n.jpg\" width=\"306\" height=\"306\"></a></p>\n                                <p><strong>CDC Director Dr. Tom Frieden meets with Donka hospital nurse Claire Tchecola in Guinea. She is one of the few survivors who has made her story public and continues educating others about Ebola, even though she and her family have been stigmatized for it. \nLearn more about CDC’s role in the Ebola response on the Road to Zero: link in bio.</strong></p>\n                                <p>\n                    <img src=\"http://websta.me/img/likes.png\" width=\"14\" height=\"11\" alt=\"LIKES:\"> <span style=\"color:red;\">118</span>\n                     <img src=\"http://websta.me/img/comments.png\" width=\"14\" height=\"11\" alt=\"COMMENTS:\">3                </p>\n                                                <p style=\"font-weight:bold;font-style: italic;\">»<a href=\"http://websta.me/\">WEBSTA</a></p>\n                ","mediaType":"Feed Item","language":{"name":"English","isoCode":"eng"},"tags":[{"id":25389,"name":"CDC Social Media","language":"English","type":"Topic"},{"id":34525,"name":"Instagram","language":"English","type":"ContentGroup"}],"sourceUrl":"http://websta.me/p/1044264809372245509_456726206","syndicateUrl":"https://oadc-dmb-dev-service.cdc.gov/api/v2/resources/media/344842/syndicate.json","datePublished":"2015-09-21T15:23:34Z","dateModified":"2015-09-21T15:25:57Z","enclosures":[{"id":1650,"resourceUrl":"https://scontent.cdninstagram.com/hphotos-xaf1/t51.2885-15/s320x320/e35/11374065_842703662492270_8760109_n.jpg","contentType":"image/jpeg","size":23731}]},{"id":344841,"name":" How can we prevent the spread of CRE, the “nightmare bacteria?” Coordination between health care facilities and public health authorities is vital.","description":"\n                <p><a href=\"http://websta.me/n/cdcgov/\"><img src=\"https://igcdn-photos-h-a.akamaihd.net/hphotos-ak-xtp1/t51.2885-19/10956720_744402145675607_2120292398_a.jpg\" width=\"35\" height=\"35\"></a> <a href=\"http://websta.me/n/cdcgov/\">@cdcgov</a></p>\n                <p><a href=\"http://websta.me/p/1044359637737069985_456726206\"><img src=\"https://scontent.cdninstagram.com/hphotos-xaf1/t51.2885-15/s320x320/e35/11374369_1474427906185928_399042008_n.jpg\" width=\"306\" height=\"306\"></a></p>\n                                <p><strong>How can we prevent the spread of CRE, the “nightmare bacteria?” Coordination between health care facilities and public health authorities is vital.</strong></p>\n                                <p>\n                    <img src=\"http://websta.me/img/likes.png\" width=\"14\" height=\"11\" alt=\"LIKES:\"> <span style=\"color:red;\">205</span>\n                     <img src=\"http://websta.me/img/comments.png\" width=\"14\" height=\"11\" alt=\"COMMENTS:\">5                </p>\n                                                <p style=\"font-weight:bold;font-style: italic;\">»<a href=\"http://websta.me/\">WEBSTA</a></p>\n                ","mediaType":"Feed Item","language":{"name":"English","isoCode":"eng"},"tags":[{"id":25389,"name":"CDC Social Media","language":"English","type":"Topic"},{"id":34525,"name":"Instagram","language":"English","type":"ContentGroup"}],"sourceUrl":"http://websta.me/p/1044359637737069985_456726206","syndicateUrl":"https://oadc-dmb-dev-service.cdc.gov/api/v2/resources/media/344841/syndicate.json","datePublished":"2015-09-21T15:23:34Z","dateModified":"2015-09-21T15:25:55Z","enclosures":[{"id":1649,"resourceUrl":"https://scontent.cdninstagram.com/hphotos-xaf1/t51.2885-15/s320x320/e35/11374369_1474427906185928_399042008_n.jpg","contentType":"image/jpeg","size":15759}]},{"id":344840,"name":" This month, share how you help prevent suicide and support those in your community: Post a photo & your 6-word action on Instagram, Facebook, & Twitter. Be sure to include #VetoViolence. Link in bio","description":"\n                <p><a href=\"http://websta.me/n/cdcgov/\"><img src=\"https://igcdn-photos-h-a.akamaihd.net/hphotos-ak-xtp1/t51.2885-19/10956720_744402145675607_2120292398_a.jpg\" width=\"35\" height=\"35\"></a> <a href=\"http://websta.me/n/cdcgov/\">@cdcgov</a></p>\n                <p><a href=\"http://websta.me/p/1045773202717073354_456726206\"><img src=\"https://scontent.cdninstagram.com/hphotos-xpf1/t51.2885-15/s320x320/e35/10954676_1450463365263642_365479792_n.jpg\" width=\"306\" height=\"306\"></a></p>\n                                <p><strong>This month, share how you help prevent suicide and support those in your community: Post a photo & your 6-word action on Instagram, Facebook, & Twitter. Be sure to include #VetoViolence. Link in bio</strong></p>\n                                <p>\n                    <img src=\"http://websta.me/img/likes.png\" width=\"14\" height=\"11\" alt=\"LIKES:\"> <span style=\"color:red;\">115</span>\n                     <img src=\"http://websta.me/img/comments.png\" width=\"14\" height=\"11\" alt=\"COMMENTS:\">3                </p>\n                                <p>\n                    <img src=\"http://websta.me/img/tags_mono.png\" alt=\"tags\" width=\"12\" height=\"12\">\n                                        <a href=\"/tag/vetoviolence\">#vetoviolence</a>,\n                                    </p>\n                                                <p style=\"font-weight:bold;font-style: italic;\">»<a href=\"http://websta.me/\">WEBSTA</a></p>\n                ","mediaType":"Feed Item","language":{"name":"English","isoCode":"eng"},"tags":[{"id":25389,"name":"CDC Social Media","language":"English","type":"Topic"},{"id":34525,"name":"Instagram","language":"English","type":"ContentGroup"}],"sourceUrl":"http://websta.me/p/1045773202717073354_456726206","syndicateUrl":"https://oadc-dmb-dev-service.cdc.gov/api/v2/resources/media/344840/syndicate.json","datePublished":"2015-09-21T15:23:34Z","dateModified":"2015-09-21T15:25:52Z","enclosures":[{"id":1648,"resourceUrl":"https://scontent.cdninstagram.com/hphotos-xpf1/t51.2885-15/s320x320/e35/10954676_1450463365263642_365479792_n.jpg","contentType":"image/jpeg","size":26306}]},{"id":344839,"name":" CDC Director Dr. Tom Frieden recently visited Liberia’s Emergency Operation Center to speak on the important work being done by Liberians, CDC, and partners as part of the Ebola response. A key turning point of the response to Liberia’s Ebola outbreak was community action and involvement.","description":"\n                <p><a href=\"http://websta.me/n/cdcgov/\"><img src=\"https://igcdn-photos-h-a.akamaihd.net/hphotos-ak-xtp1/t51.2885-19/10956720_744402145675607_2120292398_a.jpg\" width=\"35\" height=\"35\"></a> <a href=\"http://websta.me/n/cdcgov/\">@cdcgov</a></p>\n                <p><a href=\"http://websta.me/p/1045824610908692016_456726206\"><img src=\"https://scontent.cdninstagram.com/hphotos-xaf1/t51.2885-15/s320x320/e35/11313786_622112721263119_1285513764_n.jpg\" width=\"306\" height=\"306\"></a></p>\n                                <p><strong>CDC Director Dr. Tom Frieden recently visited Liberia’s Emergency Operation Center to speak on the important work being done by Liberians, CDC, and partners as part of the Ebola response. A key turning point of the response to Liberia’s Ebola outbreak was community action and involvement.</strong></p>\n                                <p>\n                    <img src=\"http://websta.me/img/likes.png\" width=\"14\" height=\"11\" alt=\"LIKES:\"> <span style=\"color:red;\">119</span>\n                     <img src=\"http://websta.me/img/comments.png\" width=\"14\" height=\"11\" alt=\"COMMENTS:\">2                </p>\n                                                <p style=\"font-weight:bold;font-style: italic;\">»<a href=\"http://websta.me/\">WEBSTA</a></p>\n                ","mediaType":"Feed Item","language":{"name":"English","isoCode":"eng"},"tags":[{"id":25389,"name":"CDC Social Media","language":"English","type":"Topic"},{"id":34525,"name":"Instagram","language":"English","type":"ContentGroup"}],"sourceUrl":"http://websta.me/p/1045824610908692016_456726206","syndicateUrl":"https://oadc-dmb-dev-service.cdc.gov/api/v2/resources/media/344839/syndicate.json","datePublished":"2015-09-21T15:23:34Z","dateModified":"2015-09-21T15:25:50Z","enclosures":[{"id":1647,"resourceUrl":"https://scontent.cdninstagram.com/hphotos-xaf1/t51.2885-15/s320x320/e35/11313786_622112721263119_1285513764_n.jpg","contentType":"image/jpeg","size":18402}]},{"id":344838,"name":" Join us in taking action to prevent suicide! Post your photo & 6-word action to help support others on Instagram, Facebook, & Twitter. Use #VetoViolence. \nRead more about 1 Photo, 6 Words. #VetoViolence in bio!","description":"\n                <p><a href=\"http://websta.me/n/cdcgov/\"><img src=\"https://igcdn-photos-h-a.akamaihd.net/hphotos-ak-xtp1/t51.2885-19/10956720_744402145675607_2120292398_a.jpg\" width=\"35\" height=\"35\"></a> <a href=\"http://websta.me/n/cdcgov/\">@cdcgov</a></p>\n                <p><a href=\"http://websta.me/p/1046556476833979435_456726206\"><img src=\"https://scontent.cdninstagram.com/hphotos-xaf1/t51.2885-15/s320x320/e35/11311341_413889102135164_257124941_n.jpg\" width=\"306\" height=\"306\"></a></p>\n                                <p><strong>Join us in taking action to prevent suicide! Post your photo & 6-word action to help support others on Instagram, Facebook, & Twitter. Use #VetoViolence. \nRead more about 1 Photo, 6 Words. #VetoViolence in bio!</strong></p>\n                                <p>\n                    <img src=\"http://websta.me/img/likes.png\" width=\"14\" height=\"11\" alt=\"LIKES:\"> <span style=\"color:red;\">168</span>\n                     <img src=\"http://websta.me/img/comments.png\" width=\"14\" height=\"11\" alt=\"COMMENTS:\">7                </p>\n                                <p>\n                    <img src=\"http://websta.me/img/tags_mono.png\" alt=\"tags\" width=\"12\" height=\"12\">\n                                        <a href=\"/tag/vetoviolence\">#vetoviolence</a>,\n                                    </p>\n                                                <p style=\"font-weight:bold;font-style: italic;\">»<a href=\"http://websta.me/\">WEBSTA</a></p>\n                ","mediaType":"Feed Item","language":{"name":"English","isoCode":"eng"},"tags":[{"id":25389,"name":"CDC Social Media","language":"English","type":"Topic"},{"id":34525,"name":"Instagram","language":"English","type":"ContentGroup"}],"sourceUrl":"http://websta.me/p/1046556476833979435_456726206","syndicateUrl":"https://oadc-dmb-dev-service.cdc.gov/api/v2/resources/media/344838/syndicate.json","datePublished":"2015-09-21T15:23:34Z","dateModified":"2015-09-21T15:25:48Z","enclosures":[{"id":1646,"resourceUrl":"https://scontent.cdninstagram.com/hphotos-xaf1/t51.2885-15/s320x320/e35/11311341_413889102135164_257124941_n.jpg","contentType":"image/jpeg","size":30814}]},{"id":344837,"name":" You are stronger than you think. You CAN quit! #MondayMotivation","description":"\n                <p><a href=\"http://websta.me/n/cdcgov/\"><img src=\"https://igcdn-photos-h-a.akamaihd.net/hphotos-ak-xtp1/t51.2885-19/10956720_744402145675607_2120292398_a.jpg\" width=\"35\" height=\"35\"></a> <a href=\"http://websta.me/n/cdcgov/\">@cdcgov</a></p>\n                <p><a href=\"http://websta.me/p/1048608400890584791_456726206\"><img src=\"https://scontent.cdninstagram.com/hphotos-xaf1/t51.2885-15/s320x320/e35/11821852_468922799960830_503652561_n.jpg\" width=\"306\" height=\"306\"></a></p>\n                                <p><strong>You are stronger than you think. You CAN quit! #MondayMotivation</strong></p>\n                                <p>\n                    <img src=\"http://websta.me/img/likes.png\" width=\"14\" height=\"11\" alt=\"LIKES:\"> <span style=\"color:red;\">178</span>\n                     <img src=\"http://websta.me/img/comments.png\" width=\"14\" height=\"11\" alt=\"COMMENTS:\">15                </p>\n                                <p>\n                    <img src=\"http://websta.me/img/tags_mono.png\" alt=\"tags\" width=\"12\" height=\"12\">\n                                        <a href=\"/tag/mondaymotivation\">#mondaymotivation</a>,\n                                    </p>\n                                                <p style=\"font-weight:bold;font-style: italic;\">»<a href=\"http://websta.me/\">WEBSTA</a></p>\n                ","mediaType":"Feed Item","language":{"name":"English","isoCode":"eng"},"tags":[{"id":25389,"name":"CDC Social Media","language":"English","type":"Topic"},{"id":34525,"name":"Instagram","language":"English","type":"ContentGroup"}],"sourceUrl":"http://websta.me/p/1048608400890584791_456726206","syndicateUrl":"https://oadc-dmb-dev-service.cdc.gov/api/v2/resources/media/344837/syndicate.json","datePublished":"2015-09-21T15:23:34Z","dateModified":"2015-09-21T15:25:46Z","enclosures":[{"id":1645,"resourceUrl":"https://scontent.cdninstagram.com/hphotos-xaf1/t51.2885-15/s320x320/e35/11821852_468922799960830_503652561_n.jpg","contentType":"image/jpeg","size":21492}]},{"id":344836,"name":" 1 Photo, 6 Words. #VetoViolence — That’s all you need to share how you prevent suicide in your community with the rest of the country. Post your photo & 6-word action to motivate others. Use #VetoViolence. Link in bio.","description":"\n                <p><a href=\"http://websta.me/n/cdcgov/\"><img src=\"https://igcdn-photos-h-a.akamaihd.net/hphotos-ak-xtp1/t51.2885-19/10956720_744402145675607_2120292398_a.jpg\" width=\"35\" height=\"35\"></a> <a href=\"http://websta.me/n/cdcgov/\">@cdcgov</a></p>\n                <p><a href=\"http://websta.me/p/1048708232674205277_456726206\"><img src=\"https://scontent.cdninstagram.com/hphotos-xaf1/t51.2885-15/e35/11881878_788859154566035_2119847988_n.jpg\" width=\"306\" height=\"306\"></a></p>\n                                <p><strong>1 Photo, 6 Words. #VetoViolence — That’s all you need to share how you prevent suicide in your community with the rest of the country. Post your photo & 6-word action to motivate others. Use #VetoViolence. Link in bio.</strong></p>\n                                <p>\n                    <img src=\"http://websta.me/img/likes.png\" width=\"14\" height=\"11\" alt=\"LIKES:\"> <span style=\"color:red;\">158</span>\n                     <img src=\"http://websta.me/img/comments.png\" width=\"14\" height=\"11\" alt=\"COMMENTS:\">1                </p>\n                                <p>\n                    <img src=\"http://websta.me/img/tags_mono.png\" alt=\"tags\" width=\"12\" height=\"12\">\n                                        <a href=\"/tag/vetoviolence\">#vetoviolence</a>,\n                                    </p>\n                                                <p style=\"font-weight:bold;font-style: italic;\">»<a href=\"http://websta.me/\">WEBSTA</a></p>\n                ","mediaType":"Feed Item","language":{"name":"English","isoCode":"eng"},"tags":[{"id":25389,"name":"CDC Social Media","language":"English","type":"Topic"},{"id":34525,"name":"Instagram","language":"English","type":"ContentGroup"}],"sourceUrl":"http://websta.me/p/1048708232674205277_456726206","syndicateUrl":"https://oadc-dmb-dev-service.cdc.gov/api/v2/resources/media/344836/syndicate.json","datePublished":"2015-09-21T15:23:34Z","dateModified":"2015-09-21T15:25:44Z","enclosures":[{"id":1644,"resourceUrl":"https://scontent.cdninstagram.com/hphotos-xaf1/t51.2885-15/e35/11881878_788859154566035_2119847988_n.jpg","contentType":"image/jpeg","size":44097}]},{"id":344835,"name":" “While I was in undergrad, I was all over the place and then stumbled upon Public Health...I knew that I wanted to help people. I came to CDC by virtue of the Public Health Associate Program. I was able to gain that boots on the ground public health experience that I needed…I’ve been with CDC for almost 4 years now. I truly enjoy working at CDC. I am Kimberly Hart and I am CDC.” Video link in bio.","description":"\n                <p><a href=\"http://websta.me/n/cdcgov/\"><img src=\"https://igcdn-photos-h-a.akamaihd.net/hphotos-ak-xtp1/t51.2885-19/10956720_744402145675607_2120292398_a.jpg\" width=\"35\" height=\"35\"></a> <a href=\"http://websta.me/n/cdcgov/\">@cdcgov</a></p>\n                <p><a href=\"http://websta.me/p/1049451670323518843_456726206\"><img src=\"https://scontent.cdninstagram.com/hphotos-xaf1/t51.2885-15/s320x320/e35/11410420_1177778515571343_1669313934_n.jpg\" width=\"306\" height=\"306\"></a></p>\n                                <p><strong>“While I was in undergrad, I was all over the place and then stumbled upon Public Health...I knew that I wanted to help people. I came to CDC by virtue of the Public Health Associate Program. I was able to gain that boots on the ground public health experience that I needed…I’ve been with CDC for almost 4 years now. I truly enjoy working at CDC. I am Kimberly Hart and I am CDC.” Video link in bio.</strong></p>\n                                <p>\n                    <img src=\"http://websta.me/img/likes.png\" width=\"14\" height=\"11\" alt=\"LIKES:\"> <span style=\"color:red;\">141</span>\n                     <img src=\"http://websta.me/img/comments.png\" width=\"14\" height=\"11\" alt=\"COMMENTS:\">4                </p>\n                                                <p style=\"font-weight:bold;font-style: italic;\">»<a href=\"http://websta.me/\">WEBSTA</a></p>\n                ","mediaType":"Feed Item","language":{"name":"English","isoCode":"eng"},"tags":[{"id":25389,"name":"CDC Social Media","language":"English","type":"Topic"},{"id":34525,"name":"Instagram","language":"English","type":"ContentGroup"}],"sourceUrl":"http://websta.me/p/1049451670323518843_456726206","syndicateUrl":"https://oadc-dmb-dev-service.cdc.gov/api/v2/resources/media/344835/syndicate.json","datePublished":"2015-09-21T15:23:34Z","dateModified":"2015-09-21T15:25:41Z","enclosures":[{"id":1643,"resourceUrl":"https://scontent.cdninstagram.com/hphotos-xaf1/t51.2885-15/s320x320/e35/11410420_1177778515571343_1669313934_n.jpg","contentType":"image/jpeg","size":8889}]},{"id":344834,"name":" Adolescence is a critical stage of development during which physical, intellectual, emotional, and psychological changes occur.  During this transition from childhood to adulthood, serious health and safety issues can adversely affect adolescents and young adults. Join us for the next CDC Public Health Grand Rounds on Tuesday, August 18th at 1:00 pm ET. Follow @CDC_eHealth on Twitter and use the hashtag #CDCGrandRounds to participate in the event.","description":"\n                <p><a href=\"http://websta.me/n/cdcgov/\"><img src=\"https://igcdn-photos-h-a.akamaihd.net/hphotos-ak-xtp1/t51.2885-19/10956720_744402145675607_2120292398_a.jpg\" width=\"35\" height=\"35\"></a> <a href=\"http://websta.me/n/cdcgov/\">@cdcgov</a></p>\n                <p><a href=\"http://websta.me/p/1051548904909364302_456726206\"><img src=\"https://scontent.cdninstagram.com/hphotos-xaf1/t51.2885-15/s320x320/e35/11906167_795072673946247_2073703623_n.jpg\" width=\"306\" height=\"306\"></a></p>\n                                <p><strong>Adolescence is a critical stage of development during which physical, intellectual, emotional, and psychological changes occur.  During this transition from childhood to adulthood, serious health and safety issues can adversely affect adolescents and young adults. Join us for the next CDC Public Health Grand Rounds on Tuesday, August 18th at 1:00 pm ET. Follow @CDC_eHealth on Twitter and use the hashtag #CDCGrandRounds to participate in the event.</strong></p>\n                                <p>\n                    <img src=\"http://websta.me/img/likes.png\" width=\"14\" height=\"11\" alt=\"LIKES:\"> <span style=\"color:red;\">91</span>\n                     <img src=\"http://websta.me/img/comments.png\" width=\"14\" height=\"11\" alt=\"COMMENTS:\">2                </p>\n                                <p>\n                    <img src=\"http://websta.me/img/tags_mono.png\" alt=\"tags\" width=\"12\" height=\"12\">\n                                        <a href=\"/tag/cdcgrandrounds\">#cdcgrandrounds</a>,\n                                    </p>\n                                                <p style=\"font-weight:bold;font-style: italic;\">»<a href=\"http://websta.me/\">WEBSTA</a></p>\n                ","mediaType":"Feed Item","language":{"name":"English","isoCode":"eng"},"tags":[{"id":25389,"name":"CDC Social Media","language":"English","type":"Topic"},{"id":34525,"name":"Instagram","language":"English","type":"ContentGroup"}],"sourceUrl":"http://websta.me/p/1051548904909364302_456726206","syndicateUrl":"https://oadc-dmb-dev-service.cdc.gov/api/v2/resources/media/344834/syndicate.json","datePublished":"2015-09-21T15:23:34Z","dateModified":"2015-09-21T15:25:39Z","enclosures":[{"id":1642,"resourceUrl":"https://scontent.cdninstagram.com/hphotos-xaf1/t51.2885-15/s320x320/e35/11906167_795072673946247_2073703623_n.jpg","contentType":"image/jpeg","size":26033}]},{"id":344833,"name":" We all have a role in showing support & helping prevent suicide. What’s yours? Post your photo & 6-word action that helps save lives to Instagram, Facebook, & Twitter. Be sure to use #VetoViolence. Learn more at link in bio.","description":"\n                <p><a href=\"http://websta.me/n/cdcgov/\"><img src=\"https://igcdn-photos-h-a.akamaihd.net/hphotos-ak-xtp1/t51.2885-19/10956720_744402145675607_2120292398_a.jpg\" width=\"35\" height=\"35\"></a> <a href=\"http://websta.me/n/cdcgov/\">@cdcgov</a></p>\n                <p><a href=\"http://websta.me/p/1053670400398122131_456726206\"><img src=\"https://scontent.cdninstagram.com/hphotos-xfa1/t51.2885-15/s320x320/e35/11259422_498776276970200_1504723339_n.jpg\" width=\"306\" height=\"306\"></a></p>\n                                <p><strong>We all have a role in showing support & helping prevent suicide. What’s yours? Post your photo & 6-word action that helps save lives to Instagram, Facebook, & Twitter. Be sure to use #VetoViolence. Learn more at link in bio.</strong></p>\n                                <p>\n                    <img src=\"http://websta.me/img/likes.png\" width=\"14\" height=\"11\" alt=\"LIKES:\"> <span style=\"color:red;\">150</span>\n                     <img src=\"http://websta.me/img/comments.png\" width=\"14\" height=\"11\" alt=\"COMMENTS:\">6                </p>\n                                <p>\n                    <img src=\"http://websta.me/img/tags_mono.png\" alt=\"tags\" width=\"12\" height=\"12\">\n                                        <a href=\"/tag/vetoviolence\">#vetoviolence</a>,\n                                    </p>\n                                                <p style=\"font-weight:bold;font-style: italic;\">»<a href=\"http://websta.me/\">WEBSTA</a></p>\n                ","mediaType":"Feed Item","language":{"name":"English","isoCode":"eng"},"tags":[{"id":25389,"name":"CDC Social Media","language":"English","type":"Topic"},{"id":34525,"name":"Instagram","language":"English","type":"ContentGroup"}],"sourceUrl":"http://websta.me/p/1053670400398122131_456726206","syndicateUrl":"https://oadc-dmb-dev-service.cdc.gov/api/v2/resources/media/344833/syndicate.json","datePublished":"2015-09-21T15:23:34Z","dateModified":"2015-09-21T15:25:37Z","enclosures":[{"id":1641,"resourceUrl":"https://scontent.cdninstagram.com/hphotos-xfa1/t51.2885-15/s320x320/e35/11259422_498776276970200_1504723339_n.jpg","contentType":"image/jpeg","size":24872}]},{"id":344832,"name":" “I’m the Disability Program Manager. The best part about my job is I really never have an average day. One day I can be working with a group in Pittsburgh trying to develop a webinar production for hidden disabilities, the next day I could be working with some of the architects on how to make sure that our restrooms are more accessible. So average is never average. I am Darlo Koldenhoven and #IamCDC” Full video link in bio","description":"\n                <p><a href=\"http://websta.me/n/cdcgov/\"><img src=\"https://igcdn-photos-h-a.akamaihd.net/hphotos-ak-xtp1/t51.2885-19/10956720_744402145675607_2120292398_a.jpg\" width=\"35\" height=\"35\"></a> <a href=\"http://websta.me/n/cdcgov/\">@cdcgov</a></p>\n                <p><a href=\"http://websta.me/p/1054364195800407137_456726206\"><img src=\"https://scontent.cdninstagram.com/hphotos-xaf1/t51.2885-15/s320x320/e35/11371065_659326780834501_1200713874_n.jpg\" width=\"306\" height=\"306\"></a></p>\n                                <p><strong>“I’m the Disability Program Manager. The best part about my job is I really never have an average day. One day I can be working with a group in Pittsburgh trying to develop a webinar production for hidden disabilities, the next day I could be working with some of the architects on how to make sure that our restrooms are more accessible. So average is never average. I am Darlo Koldenhoven and #IamCDC” Full video link in bio</strong></p>\n                                <p>\n                    <img src=\"http://websta.me/img/likes.png\" width=\"14\" height=\"11\" alt=\"LIKES:\"> <span style=\"color:red;\">108</span>\n                     <img src=\"http://websta.me/img/comments.png\" width=\"14\" height=\"11\" alt=\"COMMENTS:\">0                </p>\n                                <p>\n                    <img src=\"http://websta.me/img/tags_mono.png\" alt=\"tags\" width=\"12\" height=\"12\">\n                                        <a href=\"/tag/iamcdc\">#iamcdc</a>,\n                                    </p>\n                                                <p style=\"font-weight:bold;font-style: italic;\">»<a href=\"http://websta.me/\">WEBSTA</a></p>\n                ","mediaType":"Feed Item","language":{"name":"English","isoCode":"eng"},"tags":[{"id":25389,"name":"CDC Social Media","language":"English","type":"Topic"},{"id":34525,"name":"Instagram","language":"English","type":"ContentGroup"}],"sourceUrl":"http://websta.me/p/1054364195800407137_456726206","syndicateUrl":"https://oadc-dmb-dev-service.cdc.gov/api/v2/resources/media/344832/syndicate.json","datePublished":"2015-09-21T15:23:34Z","dateModified":"2015-09-21T15:25:34Z","enclosures":[{"id":1640,"resourceUrl":"https://scontent.cdninstagram.com/hphotos-xaf1/t51.2885-15/s320x320/e35/11371065_659326780834501_1200713874_n.jpg","contentType":"image/jpeg","size":24081}]},{"id":344831,"name":" When a person smokes, it shows. Smoking makes you more likely to have cavities, yellowed teeth and premature tooth loss.","description":"\n                <p><a href=\"http://websta.me/n/cdcgov/\"><img src=\"https://igcdn-photos-h-a.akamaihd.net/hphotos-ak-xtp1/t51.2885-19/10956720_744402145675607_2120292398_a.jpg\" width=\"35\" height=\"35\"></a> <a href=\"http://websta.me/n/cdcgov/\">@cdcgov</a></p>\n                <p><a href=\"http://websta.me/p/1055033528134328303_456726206\"><img src=\"https://scontent.cdninstagram.com/hphotos-xaf1/t51.2885-15/s320x320/e35/11324871_944895808890066_1971294025_n.jpg\" width=\"306\" height=\"306\"></a></p>\n                                <p><strong>When a person smokes, it shows. Smoking makes you more likely to have cavities, yellowed teeth and premature tooth loss.</strong></p>\n                                <p>\n                    <img src=\"http://websta.me/img/likes.png\" width=\"14\" height=\"11\" alt=\"LIKES:\"> <span style=\"color:red;\">144</span>\n                     <img src=\"http://websta.me/img/comments.png\" width=\"14\" height=\"11\" alt=\"COMMENTS:\">9                </p>\n                                                <p style=\"font-weight:bold;font-style: italic;\">»<a href=\"http://websta.me/\">WEBSTA</a></p>\n                ","mediaType":"Feed Item","language":{"name":"English","isoCode":"eng"},"tags":[{"id":25389,"name":"CDC Social Media","language":"English","type":"Topic"},{"id":34525,"name":"Instagram","language":"English","type":"ContentGroup"}],"sourceUrl":"http://websta.me/p/1055033528134328303_456726206","syndicateUrl":"https://oadc-dmb-dev-service.cdc.gov/api/v2/resources/media/344831/syndicate.json","datePublished":"2015-09-21T15:23:34Z","dateModified":"2015-09-21T15:25:32Z","enclosures":[{"id":1639,"resourceUrl":"https://scontent.cdninstagram.com/hphotos-xaf1/t51.2885-15/s320x320/e35/11324871_944895808890066_1971294025_n.jpg","contentType":"image/jpeg","size":19392}]},{"id":344830,"name":" Meet NCEH/ATSDR senior health scientist, Chinaro Kennedy, DPH. As a senior clearance officer, she ensures the accuracy of environmental health scientific documents before they are released to the public. One of Dr. Kennedy’s main contributions to public health was participating on a study that looked the impact of lead laws to prevent lead poisoning among small children. To learn more about Dr. Kennedy and the lead study, visit link in bio.","description":"\n                <p><a href=\"http://websta.me/n/cdcgov/\"><img src=\"https://igcdn-photos-h-a.akamaihd.net/hphotos-ak-xtp1/t51.2885-19/10956720_744402145675607_2120292398_a.jpg\" width=\"35\" height=\"35\"></a> <a href=\"http://websta.me/n/cdcgov/\">@cdcgov</a></p>\n                <p><a href=\"http://websta.me/p/1055870668321774866_456726206\"><img src=\"https://scontent.cdninstagram.com/hphotos-xfa1/t51.2885-15/s320x320/e35/11906363_471087723062427_337688672_n.jpg\" width=\"306\" height=\"306\"></a></p>\n                                <p><strong>Meet NCEH/ATSDR senior health scientist, Chinaro Kennedy, DPH. As a senior clearance officer, she ensures the accuracy of environmental health scientific documents before they are released to the public. One of Dr. Kennedy’s main contributions to public health was participating on a study that looked the impact of lead laws to prevent lead poisoning among small children. To learn more about Dr. Kennedy and the lead study, visit link in bio.</strong></p>\n                                <p>\n                    <img src=\"http://websta.me/img/likes.png\" width=\"14\" height=\"11\" alt=\"LIKES:\"> <span style=\"color:red;\">128</span>\n                     <img src=\"http://websta.me/img/comments.png\" width=\"14\" height=\"11\" alt=\"COMMENTS:\">2                </p>\n                                                <p style=\"font-weight:bold;font-style: italic;\">»<a href=\"http://websta.me/\">WEBSTA</a></p>\n                ","mediaType":"Feed Item","language":{"name":"English","isoCode":"eng"},"tags":[{"id":25389,"name":"CDC Social Media","language":"English","type":"Topic"},{"id":34525,"name":"Instagram","language":"English","type":"ContentGroup"}],"sourceUrl":"http://websta.me/p/1055870668321774866_456726206","syndicateUrl":"https://oadc-dmb-dev-service.cdc.gov/api/v2/resources/media/344830/syndicate.json","datePublished":"2015-09-21T15:23:34Z","dateModified":"2015-09-21T15:25:30Z","enclosures":[{"id":1638,"resourceUrl":"https://scontent.cdninstagram.com/hphotos-xfa1/t51.2885-15/s320x320/e35/11906363_471087723062427_337688672_n.jpg","contentType":"image/jpeg","size":19253}]},{"id":344829,"name":" “I began my career in public health because someone in my family died from AIDS. It was something that affected me so greatly that I decided I needed to make a change…I’m part of making a difference so that there’s one less person out there who’s sick, one less person who is dying from a disease that people thought didn’t exist anymore… I’m Cindy Castaneda and #IamCDC.” Video link in bio.","description":"\n                <p><a href=\"http://websta.me/n/cdcgov/\"><img src=\"https://igcdn-photos-h-a.akamaihd.net/hphotos-ak-xtp1/t51.2885-19/10956720_744402145675607_2120292398_a.jpg\" width=\"35\" height=\"35\"></a> <a href=\"http://websta.me/n/cdcgov/\">@cdcgov</a></p>\n                <p><a href=\"http://websta.me/p/1058873093555150700_456726206\"><img src=\"https://scontent.cdninstagram.com/hphotos-xaf1/t51.2885-15/s320x320/e35/11925558_992127287476281_693981557_n.jpg\" width=\"306\" height=\"306\"></a></p>\n                                <p><strong>“I began my career in public health because someone in my family died from AIDS. It was something that affected me so greatly that I decided I needed to make a change…I’m part of making a difference so that there’s one less person out there who’s sick, one less person who is dying from a disease that people thought didn’t exist anymore… I’m Cindy Castaneda and #IamCDC.” Video link in bio.</strong></p>\n                                <p>\n                    <img src=\"http://websta.me/img/likes.png\" width=\"14\" height=\"11\" alt=\"LIKES:\"> <span style=\"color:red;\">127</span>\n                     <img src=\"http://websta.me/img/comments.png\" width=\"14\" height=\"11\" alt=\"COMMENTS:\">6                </p>\n                                <p>\n                    <img src=\"http://websta.me/img/tags_mono.png\" alt=\"tags\" width=\"12\" height=\"12\">\n                                        <a href=\"/tag/iamcdc\">#iamcdc</a>,\n                                    </p>\n                                                <p style=\"font-weight:bold;font-style: italic;\">»<a href=\"http://websta.me/\">WEBSTA</a></p>\n                ","mediaType":"Feed Item","language":{"name":"English","isoCode":"eng"},"tags":[{"id":25389,"name":"CDC Social Media","language":"English","type":"Topic"},{"id":34525,"name":"Instagram","language":"English","type":"ContentGroup"}],"sourceUrl":"http://websta.me/p/1058873093555150700_456726206","syndicateUrl":"https://oadc-dmb-dev-service.cdc.gov/api/v2/resources/media/344829/syndicate.json","datePublished":"2015-09-21T15:23:34Z","dateModified":"2015-09-21T15:25:28Z","enclosures":[{"id":1637,"resourceUrl":"https://scontent.cdninstagram.com/hphotos-xaf1/t51.2885-15/s320x320/e35/11925558_992127287476281_693981557_n.jpg","contentType":"image/jpeg","size":15896}]},{"id":344828,"name":" There’s still time to show how you take action to prevent suicide before August 31! Post a photo & six-word action encouraging suicide prevention to Instagram, Facebook, or Twitter, using #VetoViolence.","description":"\n                <p><a href=\"http://websta.me/n/cdcgov/\"><img src=\"https://igcdn-photos-h-a.akamaihd.net/hphotos-ak-xtp1/t51.2885-19/10956720_744402145675607_2120292398_a.jpg\" width=\"35\" height=\"35\"></a> <a href=\"http://websta.me/n/cdcgov/\">@cdcgov</a></p>\n                <p><a href=\"http://websta.me/p/1060191504381959225_456726206\"><img src=\"https://scontent.cdninstagram.com/hphotos-xaf1/t51.2885-15/s320x320/e35/11849178_1463689923937551_120393200_n.jpg\" width=\"306\" height=\"306\"></a></p>\n                                <p><strong>There’s still time to show how you take action to prevent suicide before August 31! Post a photo & six-word action encouraging suicide prevention to Instagram, Facebook, or Twitter, using #VetoViolence.</strong></p>\n                                <p>\n                    <img src=\"http://websta.me/img/likes.png\" width=\"14\" height=\"11\" alt=\"LIKES:\"> <span style=\"color:red;\">139</span>\n                     <img src=\"http://websta.me/img/comments.png\" width=\"14\" height=\"11\" alt=\"COMMENTS:\">2                </p>\n                                <p>\n                    <img src=\"http://websta.me/img/tags_mono.png\" alt=\"tags\" width=\"12\" height=\"12\">\n                                        <a href=\"/tag/vetoviolence\">#vetoviolence</a>,\n                                    </p>\n                                                <p style=\"font-weight:bold;font-style: italic;\">»<a href=\"http://websta.me/\">WEBSTA</a></p>\n                ","mediaType":"Feed Item","language":{"name":"English","isoCode":"eng"},"tags":[{"id":25389,"name":"CDC Social Media","language":"English","type":"Topic"},{"id":34525,"name":"Instagram","language":"English","type":"ContentGroup"}],"sourceUrl":"http://websta.me/p/1060191504381959225_456726206","syndicateUrl":"https://oadc-dmb-dev-service.cdc.gov/api/v2/resources/media/344828/syndicate.json","datePublished":"2015-09-21T15:23:34Z","dateModified":"2015-09-21T15:25:25Z","enclosures":[{"id":1636,"resourceUrl":"https://scontent.cdninstagram.com/hphotos-xaf1/t51.2885-15/s320x320/e35/11849178_1463689923937551_120393200_n.jpg","contentType":"image/jpeg","size":23878}]},{"id":344827,"name":" CDC staff are committed to helping stop suicidal thoughts & behaviors before they start. Join us!\nPost your photo on Instagram, Facebook, or Twitter with 6 words that describe how you show support & prevent suicide. Use #VetoViolence. Link in bio.","description":"\n                <p><a href=\"http://websta.me/n/cdcgov/\"><img src=\"https://igcdn-photos-h-a.akamaihd.net/hphotos-ak-xtp1/t51.2885-19/10956720_744402145675607_2120292398_a.jpg\" width=\"35\" height=\"35\"></a> <a href=\"http://websta.me/n/cdcgov/\">@cdcgov</a></p>\n                <p><a href=\"http://websta.me/p/1060988060609731884_456726206\"><img src=\"https://scontent.cdninstagram.com/hphotos-xfa1/t51.2885-15/s320x320/e35/11910221_536698823146301_1147521367_n.jpg\" width=\"306\" height=\"306\"></a></p>\n                                <p><strong>CDC staff are committed to helping stop suicidal thoughts & behaviors before they start. Join us!\nPost your photo on Instagram, Facebook, or Twitter with 6 words that describe how you show support & prevent suicide. Use #VetoViolence. Link in bio.</strong></p>\n                                <p>\n                    <img src=\"http://websta.me/img/likes.png\" width=\"14\" height=\"11\" alt=\"LIKES:\"> <span style=\"color:red;\">176</span>\n                     <img src=\"http://websta.me/img/comments.png\" width=\"14\" height=\"11\" alt=\"COMMENTS:\">3                </p>\n                                <p>\n                    <img src=\"http://websta.me/img/tags_mono.png\" alt=\"tags\" width=\"12\" height=\"12\">\n                                        <a href=\"/tag/vetoviolence\">#vetoviolence</a>,\n                                    </p>\n                                                <p style=\"font-weight:bold;font-style: italic;\">»<a href=\"http://websta.me/\">WEBSTA</a></p>\n                ","mediaType":"Feed Item","language":{"name":"English","isoCode":"eng"},"tags":[{"id":25389,"name":"CDC Social Media","language":"English","type":"Topic"},{"id":34525,"name":"Instagram","language":"English","type":"ContentGroup"}],"sourceUrl":"http://websta.me/p/1060988060609731884_456726206","syndicateUrl":"https://oadc-dmb-dev-service.cdc.gov/api/v2/resources/media/344827/syndicate.json","datePublished":"2015-09-21T15:23:34Z","dateModified":"2015-09-21T15:25:23Z","enclosures":[{"id":1635,"resourceUrl":"https://scontent.cdninstagram.com/hphotos-xfa1/t51.2885-15/s320x320/e35/11910221_536698823146301_1147521367_n.jpg","contentType":"image/jpeg","size":25350}]},{"id":344826,"name":" Your #HeartAge should be the same or younger than your actual age. Smoking, blood pressure, diet, and exercise can all affect your heart age. Calculate yours today: link in bio #VitalSigns","description":"\n                <p><a href=\"http://websta.me/n/cdcgov/\"><img src=\"https://igcdn-photos-h-a.akamaihd.net/hphotos-ak-xtp1/t51.2885-19/10956720_744402145675607_2120292398_a.jpg\" width=\"35\" height=\"35\"></a> <a href=\"http://websta.me/n/cdcgov/\">@cdcgov</a></p>\n                <p><a href=\"http://websta.me/p/1064572974911380631_456726206\"><img src=\"https://scontent.cdninstagram.com/hphotos-xaf1/t51.2885-15/s320x320/e35/11374417_1633194870262379_328845793_n.jpg\" width=\"306\" height=\"306\"></a></p>\n                                <p><strong>Your #HeartAge should be the same or younger than your actual age. Smoking, blood pressure, diet, and exercise can all affect your heart age. Calculate yours today: link in bio #VitalSigns</strong></p>\n                                <p>\n                    <img src=\"http://websta.me/img/likes.png\" width=\"14\" height=\"11\" alt=\"LIKES:\"> <span style=\"color:red;\">104</span>\n                     <img src=\"http://websta.me/img/comments.png\" width=\"14\" height=\"11\" alt=\"COMMENTS:\">3                </p>\n                                <p>\n                    <img src=\"http://websta.me/img/tags_mono.png\" alt=\"tags\" width=\"12\" height=\"12\">\n                                        <a href=\"/tag/heartage\">#heartage</a>,\n                                        <a href=\"/tag/vitalsigns\">#vitalsigns</a>,\n                                    </p>\n                                                <p style=\"font-weight:bold;font-style: italic;\">»<a href=\"http://websta.me/\">WEBSTA</a></p>\n                ","mediaType":"Feed Item","language":{"name":"English","isoCode":"eng"},"tags":[{"id":25389,"name":"CDC Social Media","language":"English","type":"Topic"},{"id":34525,"name":"Instagram","language":"English","type":"ContentGroup"}],"sourceUrl":"http://websta.me/p/1064572974911380631_456726206","syndicateUrl":"https://oadc-dmb-dev-service.cdc.gov/api/v2/resources/media/344826/syndicate.json","datePublished":"2015-09-21T15:23:34Z","dateModified":"2015-09-21T15:25:21Z","enclosures":[{"id":1634,"resourceUrl":"https://scontent.cdninstagram.com/hphotos-xaf1/t51.2885-15/s320x320/e35/11374417_1633194870262379_328845793_n.jpg","contentType":"image/jpeg","size":16425}]},{"id":344825,"name":" People of all genders, ages, and ethnicities can be at risk for suicide but some groups are at higher risk than others. Men are about four times more likely than women to die from suicide. However, women are more likely to express suicidal thoughts and to make nonfatal attempts than men. Join us for the next CDC Public Health Grand Rounds on Tuesday, September 15, at 1:00 pm ET. Follow @CDCInjury on Twitter and use the hashtag #CDCGrandRounds to participate in the event","description":"\n                <p><a href=\"http://websta.me/n/cdcgov/\"><img src=\"https://igcdn-photos-h-a.akamaihd.net/hphotos-ak-xtp1/t51.2885-19/10956720_744402145675607_2120292398_a.jpg\" width=\"35\" height=\"35\"></a> <a href=\"http://websta.me/n/cdcgov/\">@cdcgov</a></p>\n                <p><a href=\"http://websta.me/p/1071844873806733206_456726206\"><img src=\"https://scontent.cdninstagram.com/hphotos-xfa1/t51.2885-15/s320x320/e15/11336114_430769940463452_1680165637_n.jpg\" width=\"306\" height=\"306\"></a></p>\n                                <p><strong>People of all genders, ages, and ethnicities can be at risk for suicide but some groups are at higher risk than others. Men are about four times more likely than women to die from suicide. However, women are more likely to express suicidal thoughts and to make nonfatal attempts than men. Join us for the next CDC Public Health Grand Rounds on Tuesday, September 15, at 1:00 pm ET. Follow @CDCInjury on Twitter and use the hashtag #CDCGrandRounds to participate in the event</strong></p>\n                                <p>\n                    <img src=\"http://websta.me/img/likes.png\" width=\"14\" height=\"11\" alt=\"LIKES:\"> <span style=\"color:red;\">123</span>\n                     <img src=\"http://websta.me/img/comments.png\" width=\"14\" height=\"11\" alt=\"COMMENTS:\">3                </p>\n                                <p>\n                    <img src=\"http://websta.me/img/tags_mono.png\" alt=\"tags\" width=\"12\" height=\"12\">\n                                        <a href=\"/tag/cdcgrandrounds\">#cdcgrandrounds</a>,\n                                    </p>\n                                                <p style=\"font-weight:bold;font-style: italic;\">»<a href=\"http://websta.me/\">WEBSTA</a></p>\n                ","mediaType":"Feed Item","language":{"name":"English","isoCode":"eng"},"tags":[{"id":25389,"name":"CDC Social Media","language":"English","type":"Topic"},{"id":34525,"name":"Instagram","language":"English","type":"ContentGroup"}],"sourceUrl":"http://websta.me/p/1071844873806733206_456726206","syndicateUrl":"https://oadc-dmb-dev-service.cdc.gov/api/v2/resources/media/344825/syndicate.json","datePublished":"2015-09-21T15:23:34Z","dateModified":"2015-09-21T15:25:19Z","enclosures":[{"id":1633,"resourceUrl":"https://scontent.cdninstagram.com/hphotos-xfa1/t51.2885-15/s320x320/e15/11336114_430769940463452_1680165637_n.jpg","contentType":"image/jpeg","size":22905}]},{"id":344824,"name":" #TBT From 1957, this photograph depicts a gathering of people lined up to receive their annual #influenza #immunizations.","description":"\n                <p><a href=\"http://websta.me/n/cdcgov/\"><img src=\"https://igcdn-photos-h-a.akamaihd.net/hphotos-ak-xtp1/t51.2885-19/10956720_744402145675607_2120292398_a.jpg\" width=\"35\" height=\"35\"></a> <a href=\"http://websta.me/n/cdcgov/\">@cdcgov</a></p>\n                <p><a href=\"http://websta.me/p/1076295743122366179_456726206\"><img src=\"https://scontent.cdninstagram.com/hphotos-xfa1/t51.2885-15/s320x320/e15/11934893_1603503793246111_1075414634_n.jpg\" width=\"306\" height=\"306\"></a></p>\n                                <p><strong>#TBT From 1957, this photograph depicts a gathering of people lined up to receive their annual #influenza #immunizations.</strong></p>\n                                <p>\n                    <img src=\"http://websta.me/img/likes.png\" width=\"14\" height=\"11\" alt=\"LIKES:\"> <span style=\"color:red;\">185</span>\n                     <img src=\"http://websta.me/img/comments.png\" width=\"14\" height=\"11\" alt=\"COMMENTS:\">0                </p>\n                                <p>\n                    <img src=\"http://websta.me/img/tags_mono.png\" alt=\"tags\" width=\"12\" height=\"12\">\n                                        <a href=\"/tag/influenza\">#influenza</a>,\n                                        <a href=\"/tag/immunizations\">#immunizations</a>,\n                                        <a href=\"/tag/tbt\">#tbt</a>,\n                                    </p>\n                                                <p style=\"font-weight:bold;font-style: italic;\">»<a href=\"http://websta.me/\">WEBSTA</a></p>\n                ","mediaType":"Feed Item","language":{"name":"English","isoCode":"eng"},"tags":[{"id":25389,"name":"CDC Social Media","language":"English","type":"Topic"},{"id":34525,"name":"Instagram","language":"English","type":"ContentGroup"}],"sourceUrl":"http://websta.me/p/1076295743122366179_456726206","syndicateUrl":"https://oadc-dmb-dev-service.cdc.gov/api/v2/resources/media/344824/syndicate.json","datePublished":"2015-09-21T15:23:34Z","dateModified":"2015-09-21T15:25:16Z","enclosures":[{"id":1632,"resourceUrl":"https://scontent.cdninstagram.com/hphotos-xfa1/t51.2885-15/s320x320/e15/11934893_1603503793246111_1075414634_n.jpg","contentType":"image/jpeg","size":18767}]}]}