{"meta":{"status":200,"message":[],"resultSet":{"id":"7e8aef8b-4a51-4658-9c0d-6089b9b9e566"},"pagination":{"total":15,"count":15,"max":100,"offset":0,"pageNum":1,"totalPages":1,"sort":"-datepublished,mediaid","previousUrl":"","currentUrl":"https://oadc-dmb-dev-service.cdc.gov/api/v2/resources/media.json?contentgroup=youtube&max=100&pagenum=1","nextUrl":""}},"results":[{"id":344844,"url":"https://oadc-dmb-dev-service.cdc.gov/api/v2/resources/media/344844.json","name":"Beyond the Data -- Preventing Suicide: A Comprehensive Public Health Approach","description":"Beyond the Data -- Preventing Suicide: A Comprehensive Public Health Approach","mediaType":"Feed Item","language":{"name":"English","isoCode":"eng"},"tags":[{"id":25389,"name":"CDC Social Media","language":"English","type":"Topic"},{"id":34888,"name":"YouTube","language":"English","type":"ContentGroup"}],"geoTags":[],"campaigns":[],"source":{"name":"Centers for Disease Control and Prevention","acronym":"CDC","websiteUrl":null,"largeLogoUrl":null,"smallLogoUrl":null},"attribution":"<div id=\"cdcAttribution\">Content provided and maintained by the <a href=\"http://www.cdc.gov/\" target=\"_blank\">US Centers for Disease Control and Prevention</a> (CDC). Please see our system <a href=\"\" class=\"usageGuidelines\">usage guidelines and disclaimer</a>.</div>","domainName":"","owningOrgName":null,"owningOrgId":null,"maintainingOrgName":null,"maintainingOrgId":null,"sourceUrl":"http://www.youtube.com/watch?v=gqXA_YWWICU","targetUrl":"http://www.youtube.com/watch?v=gqXA_YWWICU","persistentUrlToken":null,"persistentUrl":null,"embedUrl":"https://oadc-dmb-dev-service.cdc.gov/api/v2/resources/media/344844/embed.json","syndicateUrl":"https://oadc-dmb-dev-service.cdc.gov/api/v2/resources/media/344844/syndicate.json","contentUrl":"https://oadc-dmb-dev-service.cdc.gov/api/v2/resources/media/344844/content.html","thumbnailUrl":"https://oadc-dmb-dev-service.cdc.gov/api/v2/resources/media/344844/thumbnail.png","alternateImages":[],"alternateText":"","noScriptText":"","featuredText":"","embedCode":"","author":"","length":"","size":null,"height":null,"width":null,"childCount":0,"children":[],"parentCount":0,"parents":[],"rating":null,"ratingCount":null,"ratingCommentCount":null,"status":"Published","datePublished":"2015-09-18T18:57:04Z","dateModified":"2015-09-21T15:28:35Z","dateContentAuthored":"","dateContentUpdated":"","dateContentPublished":"","dateContentReviewed":"","dateSyndicationCaptured":"2015-09-21T15:28:35Z","dateSyndicationUpdated":"2015-09-21T15:28:35Z","dateSyndicationVisible":"2015-09-18T18:57:04Z","extendedAttributes":{},"extension":{},"pageCount":"","dataSize":null,"enclosures":[{"id":1652,"resourceUrl":"https://i4.ytimg.com/vi/gqXA_YWWICU/hqdefault.jpg","contentType":"image/jpeg","size":25154}]},{"id":344845,"url":"https://oadc-dmb-dev-service.cdc.gov/api/v2/resources/media/344845.json","name":"Preventing Suicide: A Comprehensive Public Health Approach","description":"Preventing Suicide: A Comprehensive Public Health Approach","mediaType":"Feed Item","language":{"name":"English","isoCode":"eng"},"tags":[{"id":25389,"name":"CDC Social Media","language":"English","type":"Topic"},{"id":34888,"name":"YouTube","language":"English","type":"ContentGroup"}],"geoTags":[],"campaigns":[],"source":{"name":"Centers for Disease Control and Prevention","acronym":"CDC","websiteUrl":null,"largeLogoUrl":null,"smallLogoUrl":null},"attribution":"<div id=\"cdcAttribution\">Content provided and maintained by the <a href=\"http://www.cdc.gov/\" target=\"_blank\">US Centers for Disease Control and Prevention</a> (CDC). Please see our system <a href=\"\" class=\"usageGuidelines\">usage guidelines and disclaimer</a>.</div>","domainName":"","owningOrgName":null,"owningOrgId":null,"maintainingOrgName":null,"maintainingOrgId":null,"sourceUrl":"http://www.youtube.com/watch?v=atZgfHztSxg","targetUrl":"http://www.youtube.com/watch?v=atZgfHztSxg","persistentUrlToken":null,"persistentUrl":null,"embedUrl":"https://oadc-dmb-dev-service.cdc.gov/api/v2/resources/media/344845/embed.json","syndicateUrl":"https://oadc-dmb-dev-service.cdc.gov/api/v2/resources/media/344845/syndicate.json","contentUrl":"https://oadc-dmb-dev-service.cdc.gov/api/v2/resources/media/344845/content.html","thumbnailUrl":"https://oadc-dmb-dev-service.cdc.gov/api/v2/resources/media/344845/thumbnail.png","alternateImages":[],"alternateText":"","noScriptText":"","featuredText":"","embedCode":"","author":"","length":"","size":null,"height":null,"width":null,"childCount":0,"children":[],"parentCount":0,"parents":[],"rating":null,"ratingCount":null,"ratingCommentCount":null,"status":"Published","datePublished":"2015-09-17T18:51:43Z","dateModified":"2015-09-21T15:28:37Z","dateContentAuthored":"","dateContentUpdated":"","dateContentPublished":"","dateContentReviewed":"","dateSyndicationCaptured":"2015-09-21T15:28:37Z","dateSyndicationUpdated":"2015-09-21T15:28:37Z","dateSyndicationVisible":"2015-09-17T18:51:43Z","extendedAttributes":{},"extension":{},"pageCount":"","dataSize":null,"enclosures":[{"id":1653,"resourceUrl":"https://i2.ytimg.com/vi/atZgfHztSxg/hqdefault.jpg","contentType":"image/jpeg","size":43870}]},{"id":344846,"url":"https://oadc-dmb-dev-service.cdc.gov/api/v2/resources/media/344846.json","name":"I am CDC - Martha Boisseau","description":"I am CDC - Martha Boisseau","mediaType":"Feed Item","language":{"name":"English","isoCode":"eng"},"tags":[{"id":25389,"name":"CDC Social Media","language":"English","type":"Topic"},{"id":34888,"name":"YouTube","language":"English","type":"ContentGroup"}],"geoTags":[],"campaigns":[],"source":{"name":"Centers for Disease Control and Prevention","acronym":"CDC","websiteUrl":null,"largeLogoUrl":null,"smallLogoUrl":null},"attribution":"<div id=\"cdcAttribution\">Content provided and maintained by the <a href=\"http://www.cdc.gov/\" target=\"_blank\">US Centers for Disease Control and Prevention</a> (CDC). Please see our system <a href=\"\" class=\"usageGuidelines\">usage guidelines and disclaimer</a>.</div>","domainName":"","owningOrgName":null,"owningOrgId":null,"maintainingOrgName":null,"maintainingOrgId":null,"sourceUrl":"http://www.youtube.com/watch?v=oA8e8VbZQWQ","targetUrl":"http://www.youtube.com/watch?v=oA8e8VbZQWQ","persistentUrlToken":null,"persistentUrl":null,"embedUrl":"https://oadc-dmb-dev-service.cdc.gov/api/v2/resources/media/344846/embed.json","syndicateUrl":"https://oadc-dmb-dev-service.cdc.gov/api/v2/resources/media/344846/syndicate.json","contentUrl":"https://oadc-dmb-dev-service.cdc.gov/api/v2/resources/media/344846/content.html","thumbnailUrl":"https://oadc-dmb-dev-service.cdc.gov/api/v2/resources/media/344846/thumbnail.png","alternateImages":[],"alternateText":"","noScriptText":"","featuredText":"","embedCode":"","author":"","length":"","size":null,"height":null,"width":null,"childCount":0,"children":[],"parentCount":0,"parents":[],"rating":null,"ratingCount":null,"ratingCommentCount":null,"status":"Published","datePublished":"2015-09-16T14:40:27Z","dateModified":"2015-09-21T15:28:40Z","dateContentAuthored":"","dateContentUpdated":"","dateContentPublished":"","dateContentReviewed":"","dateSyndicationCaptured":"2015-09-21T15:28:40Z","dateSyndicationUpdated":"2015-09-21T15:28:40Z","dateSyndicationVisible":"2015-09-16T14:40:27Z","extendedAttributes":{},"extension":{},"pageCount":"","dataSize":null,"enclosures":[{"id":1654,"resourceUrl":"https://i4.ytimg.com/vi/oA8e8VbZQWQ/hqdefault.jpg","contentType":"image/jpeg","size":13856}]},{"id":344847,"url":"https://oadc-dmb-dev-service.cdc.gov/api/v2/resources/media/344847.json","name":"NCBDDD: Making a Difference across the Lifespan","description":"NCBDDD: Making a Difference across the Lifespan","mediaType":"Feed Item","language":{"name":"English","isoCode":"eng"},"tags":[{"id":25389,"name":"CDC Social Media","language":"English","type":"Topic"},{"id":34888,"name":"YouTube","language":"English","type":"ContentGroup"}],"geoTags":[],"campaigns":[],"source":{"name":"Centers for Disease Control and Prevention","acronym":"CDC","websiteUrl":null,"largeLogoUrl":null,"smallLogoUrl":null},"attribution":"<div id=\"cdcAttribution\">Content provided and maintained by the <a href=\"http://www.cdc.gov/\" target=\"_blank\">US Centers for Disease Control and Prevention</a> (CDC). Please see our system <a href=\"\" class=\"usageGuidelines\">usage guidelines and disclaimer</a>.</div>","domainName":"","owningOrgName":null,"owningOrgId":null,"maintainingOrgName":null,"maintainingOrgId":null,"sourceUrl":"http://www.youtube.com/watch?v=-OhCO849K1Q","targetUrl":"http://www.youtube.com/watch?v=-OhCO849K1Q","persistentUrlToken":null,"persistentUrl":null,"embedUrl":"https://oadc-dmb-dev-service.cdc.gov/api/v2/resources/media/344847/embed.json","syndicateUrl":"https://oadc-dmb-dev-service.cdc.gov/api/v2/resources/media/344847/syndicate.json","contentUrl":"https://oadc-dmb-dev-service.cdc.gov/api/v2/resources/media/344847/content.html","thumbnailUrl":"https://oadc-dmb-dev-service.cdc.gov/api/v2/resources/media/344847/thumbnail.png","alternateImages":[],"alternateText":"","noScriptText":"","featuredText":"","embedCode":"","author":"","length":"","size":null,"height":null,"width":null,"childCount":0,"children":[],"parentCount":0,"parents":[],"rating":null,"ratingCount":null,"ratingCommentCount":null,"status":"Published","datePublished":"2015-09-15T14:32:56Z","dateModified":"2015-09-21T15:28:42Z","dateContentAuthored":"","dateContentUpdated":"","dateContentPublished":"","dateContentReviewed":"","dateSyndicationCaptured":"2015-09-21T15:28:42Z","dateSyndicationUpdated":"2015-09-21T15:28:42Z","dateSyndicationVisible":"2015-09-15T14:32:56Z","extendedAttributes":{},"extension":{},"pageCount":"","dataSize":null,"enclosures":[{"id":1655,"resourceUrl":"https://i2.ytimg.com/vi/-OhCO849K1Q/hqdefault.jpg","contentType":"image/jpeg","size":15627}]},{"id":344848,"url":"https://oadc-dmb-dev-service.cdc.gov/api/v2/resources/media/344848.json","name":"Cancer - What does it mean that a chemical causes an increase in cancer risk?","description":"Cancer - What does it mean that a chemical causes an increase in cancer risk?","mediaType":"Feed Item","language":{"name":"English","isoCode":"eng"},"tags":[{"id":25389,"name":"CDC Social Media","language":"English","type":"Topic"},{"id":34888,"name":"YouTube","language":"English","type":"ContentGroup"}],"geoTags":[],"campaigns":[],"source":{"name":"Centers for Disease Control and Prevention","acronym":"CDC","websiteUrl":null,"largeLogoUrl":null,"smallLogoUrl":null},"attribution":"<div id=\"cdcAttribution\">Content provided and maintained by the <a href=\"http://www.cdc.gov/\" target=\"_blank\">US Centers for Disease Control and Prevention</a> (CDC). Please see our system <a href=\"\" class=\"usageGuidelines\">usage guidelines and disclaimer</a>.</div>","domainName":"","owningOrgName":null,"owningOrgId":null,"maintainingOrgName":null,"maintainingOrgId":null,"sourceUrl":"http://www.youtube.com/watch?v=ZZtKkmidtXs","targetUrl":"http://www.youtube.com/watch?v=ZZtKkmidtXs","persistentUrlToken":null,"persistentUrl":null,"embedUrl":"https://oadc-dmb-dev-service.cdc.gov/api/v2/resources/media/344848/embed.json","syndicateUrl":"https://oadc-dmb-dev-service.cdc.gov/api/v2/resources/media/344848/syndicate.json","contentUrl":"https://oadc-dmb-dev-service.cdc.gov/api/v2/resources/media/344848/content.html","thumbnailUrl":"https://oadc-dmb-dev-service.cdc.gov/api/v2/resources/media/344848/thumbnail.png","alternateImages":[],"alternateText":"","noScriptText":"","featuredText":"","embedCode":"","author":"","length":"","size":null,"height":null,"width":null,"childCount":0,"children":[],"parentCount":0,"parents":[],"rating":null,"ratingCount":null,"ratingCommentCount":null,"status":"Published","datePublished":"2015-09-08T12:03:03Z","dateModified":"2015-09-21T15:28:44Z","dateContentAuthored":"","dateContentUpdated":"","dateContentPublished":"","dateContentReviewed":"","dateSyndicationCaptured":"2015-09-21T15:28:44Z","dateSyndicationUpdated":"2015-09-21T15:28:44Z","dateSyndicationVisible":"2015-09-08T12:03:03Z","extendedAttributes":{},"extension":{},"pageCount":"","dataSize":null,"enclosures":[{"id":1656,"resourceUrl":"https://i3.ytimg.com/vi/ZZtKkmidtXs/hqdefault.jpg","contentType":"image/jpeg","size":46222}]},{"id":344849,"url":"https://oadc-dmb-dev-service.cdc.gov/api/v2/resources/media/344849.json","name":"Cancer Cluster - What is a cancer cluster?","description":"Cancer Cluster - What is a cancer cluster?","mediaType":"Feed Item","language":{"name":"English","isoCode":"eng"},"tags":[{"id":25389,"name":"CDC Social Media","language":"English","type":"Topic"},{"id":34888,"name":"YouTube","language":"English","type":"ContentGroup"}],"geoTags":[],"campaigns":[],"source":{"name":"Centers for Disease Control and Prevention","acronym":"CDC","websiteUrl":null,"largeLogoUrl":null,"smallLogoUrl":null},"attribution":"<div id=\"cdcAttribution\">Content provided and maintained by the <a href=\"http://www.cdc.gov/\" target=\"_blank\">US Centers for Disease Control and Prevention</a> (CDC). Please see our system <a href=\"\" class=\"usageGuidelines\">usage guidelines and disclaimer</a>.</div>","domainName":"","owningOrgName":null,"owningOrgId":null,"maintainingOrgName":null,"maintainingOrgId":null,"sourceUrl":"http://www.youtube.com/watch?v=-8bFoZEMPXc","targetUrl":"http://www.youtube.com/watch?v=-8bFoZEMPXc","persistentUrlToken":null,"persistentUrl":null,"embedUrl":"https://oadc-dmb-dev-service.cdc.gov/api/v2/resources/media/344849/embed.json","syndicateUrl":"https://oadc-dmb-dev-service.cdc.gov/api/v2/resources/media/344849/syndicate.json","contentUrl":"https://oadc-dmb-dev-service.cdc.gov/api/v2/resources/media/344849/content.html","thumbnailUrl":"https://oadc-dmb-dev-service.cdc.gov/api/v2/resources/media/344849/thumbnail.png","alternateImages":[],"alternateText":"","noScriptText":"","featuredText":"","embedCode":"","author":"","length":"","size":null,"height":null,"width":null,"childCount":0,"children":[],"parentCount":0,"parents":[],"rating":null,"ratingCount":null,"ratingCommentCount":null,"status":"Published","datePublished":"2015-09-04T12:37:31Z","dateModified":"2015-09-21T15:28:46Z","dateContentAuthored":"","dateContentUpdated":"","dateContentPublished":"","dateContentReviewed":"","dateSyndicationCaptured":"2015-09-21T15:28:46Z","dateSyndicationUpdated":"2015-09-21T15:28:46Z","dateSyndicationVisible":"2015-09-04T12:37:31Z","extendedAttributes":{},"extension":{},"pageCount":"","dataSize":null,"enclosures":[{"id":1657,"resourceUrl":"https://i2.ytimg.com/vi/-8bFoZEMPXc/hqdefault.jpg","contentType":"image/jpeg","size":36141}]},{"id":344850,"url":"https://oadc-dmb-dev-service.cdc.gov/api/v2/resources/media/344850.json","name":"Cancer Cluster - What is a cancer cluster investigation?","description":"Cancer Cluster - What is a cancer cluster investigation?","mediaType":"Feed Item","language":{"name":"English","isoCode":"eng"},"tags":[{"id":25389,"name":"CDC Social Media","language":"English","type":"Topic"},{"id":34888,"name":"YouTube","language":"English","type":"ContentGroup"}],"geoTags":[],"campaigns":[],"source":{"name":"Centers for Disease Control and Prevention","acronym":"CDC","websiteUrl":null,"largeLogoUrl":null,"smallLogoUrl":null},"attribution":"<div id=\"cdcAttribution\">Content provided and maintained by the <a href=\"http://www.cdc.gov/\" target=\"_blank\">US Centers for Disease Control and Prevention</a> (CDC). Please see our system <a href=\"\" class=\"usageGuidelines\">usage guidelines and disclaimer</a>.</div>","domainName":"","owningOrgName":null,"owningOrgId":null,"maintainingOrgName":null,"maintainingOrgId":null,"sourceUrl":"http://www.youtube.com/watch?v=PIMFuaTgYC4","targetUrl":"http://www.youtube.com/watch?v=PIMFuaTgYC4","persistentUrlToken":null,"persistentUrl":null,"embedUrl":"https://oadc-dmb-dev-service.cdc.gov/api/v2/resources/media/344850/embed.json","syndicateUrl":"https://oadc-dmb-dev-service.cdc.gov/api/v2/resources/media/344850/syndicate.json","contentUrl":"https://oadc-dmb-dev-service.cdc.gov/api/v2/resources/media/344850/content.html","thumbnailUrl":"https://oadc-dmb-dev-service.cdc.gov/api/v2/resources/media/344850/thumbnail.png","alternateImages":[],"alternateText":"","noScriptText":"","featuredText":"","embedCode":"","author":"","length":"","size":null,"height":null,"width":null,"childCount":0,"children":[],"parentCount":0,"parents":[],"rating":null,"ratingCount":null,"ratingCommentCount":null,"status":"Published","datePublished":"2015-09-03T15:10:09Z","dateModified":"2015-09-21T15:28:48Z","dateContentAuthored":"","dateContentUpdated":"","dateContentPublished":"","dateContentReviewed":"","dateSyndicationCaptured":"2015-09-21T15:28:48Z","dateSyndicationUpdated":"2015-09-21T15:28:48Z","dateSyndicationVisible":"2015-09-03T15:10:09Z","extendedAttributes":{},"extension":{},"pageCount":"","dataSize":null,"enclosures":[{"id":1658,"resourceUrl":"https://i1.ytimg.com/vi/PIMFuaTgYC4/hqdefault.jpg","contentType":"image/jpeg","size":18778}]},{"id":344851,"url":"https://oadc-dmb-dev-service.cdc.gov/api/v2/resources/media/344851.json","name":"Cancer Cluster - Why is there so much cancer in my community?","description":"Cancer Cluster - Why is there so much cancer in my community?","mediaType":"Feed Item","language":{"name":"English","isoCode":"eng"},"tags":[{"id":25389,"name":"CDC Social Media","language":"English","type":"Topic"},{"id":34888,"name":"YouTube","language":"English","type":"ContentGroup"}],"geoTags":[],"campaigns":[],"source":{"name":"Centers for Disease Control and Prevention","acronym":"CDC","websiteUrl":null,"largeLogoUrl":null,"smallLogoUrl":null},"attribution":"<div id=\"cdcAttribution\">Content provided and maintained by the <a href=\"http://www.cdc.gov/\" target=\"_blank\">US Centers for Disease Control and Prevention</a> (CDC). Please see our system <a href=\"\" class=\"usageGuidelines\">usage guidelines and disclaimer</a>.</div>","domainName":"","owningOrgName":null,"owningOrgId":null,"maintainingOrgName":null,"maintainingOrgId":null,"sourceUrl":"http://www.youtube.com/watch?v=Sl0wX5cISjY","targetUrl":"http://www.youtube.com/watch?v=Sl0wX5cISjY","persistentUrlToken":null,"persistentUrl":null,"embedUrl":"https://oadc-dmb-dev-service.cdc.gov/api/v2/resources/media/344851/embed.json","syndicateUrl":"https://oadc-dmb-dev-service.cdc.gov/api/v2/resources/media/344851/syndicate.json","contentUrl":"https://oadc-dmb-dev-service.cdc.gov/api/v2/resources/media/344851/content.html","thumbnailUrl":"https://oadc-dmb-dev-service.cdc.gov/api/v2/resources/media/344851/thumbnail.png","alternateImages":[],"alternateText":"","noScriptText":"","featuredText":"","embedCode":"","author":"","length":"","size":null,"height":null,"width":null,"childCount":0,"children":[],"parentCount":0,"parents":[],"rating":null,"ratingCount":null,"ratingCommentCount":null,"status":"Published","datePublished":"2015-09-03T14:59:41Z","dateModified":"2015-09-21T15:28:51Z","dateContentAuthored":"","dateContentUpdated":"","dateContentPublished":"","dateContentReviewed":"","dateSyndicationCaptured":"2015-09-21T15:28:51Z","dateSyndicationUpdated":"2015-09-21T15:28:51Z","dateSyndicationVisible":"2015-09-03T14:59:41Z","extendedAttributes":{},"extension":{},"pageCount":"","dataSize":null,"enclosures":[{"id":1659,"resourceUrl":"https://i4.ytimg.com/vi/Sl0wX5cISjY/hqdefault.jpg","contentType":"image/jpeg","size":14623}]},{"id":344852,"url":"https://oadc-dmb-dev-service.cdc.gov/api/v2/resources/media/344852.json","name":"Cote de Pablo for Inside Knowledge PSA (:60) Version A","description":"Cote de Pablo for Inside Knowledge PSA (:60) Version A","mediaType":"Feed Item","language":{"name":"English","isoCode":"eng"},"tags":[{"id":25389,"name":"CDC Social Media","language":"English","type":"Topic"},{"id":34888,"name":"YouTube","language":"English","type":"ContentGroup"}],"geoTags":[],"campaigns":[],"source":{"name":"Centers for Disease Control and Prevention","acronym":"CDC","websiteUrl":null,"largeLogoUrl":null,"smallLogoUrl":null},"attribution":"<div id=\"cdcAttribution\">Content provided and maintained by the <a href=\"http://www.cdc.gov/\" target=\"_blank\">US Centers for Disease Control and Prevention</a> (CDC). Please see our system <a href=\"\" class=\"usageGuidelines\">usage guidelines and disclaimer</a>.</div>","domainName":"","owningOrgName":null,"owningOrgId":null,"maintainingOrgName":null,"maintainingOrgId":null,"sourceUrl":"http://www.youtube.com/watch?v=GZsjpJWLfxU","targetUrl":"http://www.youtube.com/watch?v=GZsjpJWLfxU","persistentUrlToken":null,"persistentUrl":null,"embedUrl":"https://oadc-dmb-dev-service.cdc.gov/api/v2/resources/media/344852/embed.json","syndicateUrl":"https://oadc-dmb-dev-service.cdc.gov/api/v2/resources/media/344852/syndicate.json","contentUrl":"https://oadc-dmb-dev-service.cdc.gov/api/v2/resources/media/344852/content.html","thumbnailUrl":"https://oadc-dmb-dev-service.cdc.gov/api/v2/resources/media/344852/thumbnail.png","alternateImages":[],"alternateText":"","noScriptText":"","featuredText":"","embedCode":"","author":"","length":"","size":null,"height":null,"width":null,"childCount":0,"children":[],"parentCount":0,"parents":[],"rating":null,"ratingCount":null,"ratingCommentCount":null,"status":"Published","datePublished":"2015-09-01T21:15:41Z","dateModified":"2015-09-21T15:28:53Z","dateContentAuthored":"","dateContentUpdated":"","dateContentPublished":"","dateContentReviewed":"","dateSyndicationCaptured":"2015-09-21T15:28:53Z","dateSyndicationUpdated":"2015-09-21T15:28:53Z","dateSyndicationVisible":"2015-09-01T21:15:41Z","extendedAttributes":{},"extension":{},"pageCount":"","dataSize":null,"enclosures":[{"id":1660,"resourceUrl":"https://i4.ytimg.com/vi/GZsjpJWLfxU/hqdefault.jpg","contentType":"image/jpeg","size":20713}]},{"id":344853,"url":"https://oadc-dmb-dev-service.cdc.gov/api/v2/resources/media/344853.json","name":"¿Está escuchando? (:60)","description":"¿Está escuchando? (:60)","mediaType":"Feed Item","language":{"name":"English","isoCode":"eng"},"tags":[{"id":25389,"name":"CDC Social Media","language":"English","type":"Topic"},{"id":34888,"name":"YouTube","language":"English","type":"ContentGroup"}],"geoTags":[],"campaigns":[],"source":{"name":"Centers for Disease Control and Prevention","acronym":"CDC","websiteUrl":null,"largeLogoUrl":null,"smallLogoUrl":null},"attribution":"<div id=\"cdcAttribution\">Content provided and maintained by the <a href=\"http://www.cdc.gov/\" target=\"_blank\">US Centers for Disease Control and Prevention</a> (CDC). Please see our system <a href=\"\" class=\"usageGuidelines\">usage guidelines and disclaimer</a>.</div>","domainName":"","owningOrgName":null,"owningOrgId":null,"maintainingOrgName":null,"maintainingOrgId":null,"sourceUrl":"http://www.youtube.com/watch?v=E95Cfoxo5t4","targetUrl":"http://www.youtube.com/watch?v=E95Cfoxo5t4","persistentUrlToken":null,"persistentUrl":null,"embedUrl":"https://oadc-dmb-dev-service.cdc.gov/api/v2/resources/media/344853/embed.json","syndicateUrl":"https://oadc-dmb-dev-service.cdc.gov/api/v2/resources/media/344853/syndicate.json","contentUrl":"https://oadc-dmb-dev-service.cdc.gov/api/v2/resources/media/344853/content.html","thumbnailUrl":"https://oadc-dmb-dev-service.cdc.gov/api/v2/resources/media/344853/thumbnail.png","alternateImages":[],"alternateText":"","noScriptText":"","featuredText":"","embedCode":"","author":"","length":"","size":null,"height":null,"width":null,"childCount":0,"children":[],"parentCount":0,"parents":[],"rating":null,"ratingCount":null,"ratingCommentCount":null,"status":"Published","datePublished":"2015-09-01T20:46:02Z","dateModified":"2015-09-21T15:28:55Z","dateContentAuthored":"","dateContentUpdated":"","dateContentPublished":"","dateContentReviewed":"","dateSyndicationCaptured":"2015-09-21T15:28:55Z","dateSyndicationUpdated":"2015-09-21T15:28:55Z","dateSyndicationVisible":"2015-09-01T20:46:02Z","extendedAttributes":{},"extension":{},"pageCount":"","dataSize":null,"enclosures":[{"id":1661,"resourceUrl":"https://i2.ytimg.com/vi/E95Cfoxo5t4/hqdefault.jpg","contentType":"image/jpeg","size":17204}]},{"id":344854,"url":"https://oadc-dmb-dev-service.cdc.gov/api/v2/resources/media/344854.json","name":"¿Está escuchando? (:30)","description":"¿Está escuchando? (:30)","mediaType":"Feed Item","language":{"name":"English","isoCode":"eng"},"tags":[{"id":25389,"name":"CDC Social Media","language":"English","type":"Topic"},{"id":34888,"name":"YouTube","language":"English","type":"ContentGroup"}],"geoTags":[],"campaigns":[],"source":{"name":"Centers for Disease Control and Prevention","acronym":"CDC","websiteUrl":null,"largeLogoUrl":null,"smallLogoUrl":null},"attribution":"<div id=\"cdcAttribution\">Content provided and maintained by the <a href=\"http://www.cdc.gov/\" target=\"_blank\">US Centers for Disease Control and Prevention</a> (CDC). Please see our system <a href=\"\" class=\"usageGuidelines\">usage guidelines and disclaimer</a>.</div>","domainName":"","owningOrgName":null,"owningOrgId":null,"maintainingOrgName":null,"maintainingOrgId":null,"sourceUrl":"http://www.youtube.com/watch?v=Fpr0YJne2Ko","targetUrl":"http://www.youtube.com/watch?v=Fpr0YJne2Ko","persistentUrlToken":null,"persistentUrl":null,"embedUrl":"https://oadc-dmb-dev-service.cdc.gov/api/v2/resources/media/344854/embed.json","syndicateUrl":"https://oadc-dmb-dev-service.cdc.gov/api/v2/resources/media/344854/syndicate.json","contentUrl":"https://oadc-dmb-dev-service.cdc.gov/api/v2/resources/media/344854/content.html","thumbnailUrl":"https://oadc-dmb-dev-service.cdc.gov/api/v2/resources/media/344854/thumbnail.png","alternateImages":[],"alternateText":"","noScriptText":"","featuredText":"","embedCode":"","author":"","length":"","size":null,"height":null,"width":null,"childCount":0,"children":[],"parentCount":0,"parents":[],"rating":null,"ratingCount":null,"ratingCommentCount":null,"status":"Published","datePublished":"2015-09-01T20:44:00Z","dateModified":"2015-09-21T15:28:57Z","dateContentAuthored":"","dateContentUpdated":"","dateContentPublished":"","dateContentReviewed":"","dateSyndicationCaptured":"2015-09-21T15:28:57Z","dateSyndicationUpdated":"2015-09-21T15:28:57Z","dateSyndicationVisible":"2015-09-01T20:44:00Z","extendedAttributes":{},"extension":{},"pageCount":"","dataSize":null,"enclosures":[{"id":1662,"resourceUrl":"https://i3.ytimg.com/vi/Fpr0YJne2Ko/hqdefault.jpg","contentType":"image/jpeg","size":17204}]},{"id":344855,"url":"https://oadc-dmb-dev-service.cdc.gov/api/v2/resources/media/344855.json","name":"Are You Listening? PSA (:60)","description":"Are You Listening? PSA (:60)","mediaType":"Feed Item","language":{"name":"English","isoCode":"eng"},"tags":[{"id":25389,"name":"CDC Social Media","language":"English","type":"Topic"},{"id":34888,"name":"YouTube","language":"English","type":"ContentGroup"}],"geoTags":[],"campaigns":[],"source":{"name":"Centers for Disease Control and Prevention","acronym":"CDC","websiteUrl":null,"largeLogoUrl":null,"smallLogoUrl":null},"attribution":"<div id=\"cdcAttribution\">Content provided and maintained by the <a href=\"http://www.cdc.gov/\" target=\"_blank\">US Centers for Disease Control and Prevention</a> (CDC). Please see our system <a href=\"\" class=\"usageGuidelines\">usage guidelines and disclaimer</a>.</div>","domainName":"","owningOrgName":null,"owningOrgId":null,"maintainingOrgName":null,"maintainingOrgId":null,"sourceUrl":"http://www.youtube.com/watch?v=NLX3TwVuCxk","targetUrl":"http://www.youtube.com/watch?v=NLX3TwVuCxk","persistentUrlToken":null,"persistentUrl":null,"embedUrl":"https://oadc-dmb-dev-service.cdc.gov/api/v2/resources/media/344855/embed.json","syndicateUrl":"https://oadc-dmb-dev-service.cdc.gov/api/v2/resources/media/344855/syndicate.json","contentUrl":"https://oadc-dmb-dev-service.cdc.gov/api/v2/resources/media/344855/content.html","thumbnailUrl":"https://oadc-dmb-dev-service.cdc.gov/api/v2/resources/media/344855/thumbnail.png","alternateImages":[],"alternateText":"","noScriptText":"","featuredText":"","embedCode":"","author":"","length":"","size":null,"height":null,"width":null,"childCount":0,"children":[],"parentCount":0,"parents":[],"rating":null,"ratingCount":null,"ratingCommentCount":null,"status":"Published","datePublished":"2015-09-01T20:37:39Z","dateModified":"2015-09-21T15:28:59Z","dateContentAuthored":"","dateContentUpdated":"","dateContentPublished":"","dateContentReviewed":"","dateSyndicationCaptured":"2015-09-21T15:28:59Z","dateSyndicationUpdated":"2015-09-21T15:28:59Z","dateSyndicationVisible":"2015-09-01T20:37:39Z","extendedAttributes":{},"extension":{},"pageCount":"","dataSize":null,"enclosures":[{"id":1663,"resourceUrl":"https://i3.ytimg.com/vi/NLX3TwVuCxk/hqdefault.jpg","contentType":"image/jpeg","size":17204}]},{"id":344856,"url":"https://oadc-dmb-dev-service.cdc.gov/api/v2/resources/media/344856.json","name":"Are You Listening? PSA (:30)","description":"Are You Listening? PSA (:30)","mediaType":"Feed Item","language":{"name":"English","isoCode":"eng"},"tags":[{"id":25389,"name":"CDC Social Media","language":"English","type":"Topic"},{"id":34888,"name":"YouTube","language":"English","type":"ContentGroup"}],"geoTags":[],"campaigns":[],"source":{"name":"Centers for Disease Control and Prevention","acronym":"CDC","websiteUrl":null,"largeLogoUrl":null,"smallLogoUrl":null},"attribution":"<div id=\"cdcAttribution\">Content provided and maintained by the <a href=\"http://www.cdc.gov/\" target=\"_blank\">US Centers for Disease Control and Prevention</a> (CDC). Please see our system <a href=\"\" class=\"usageGuidelines\">usage guidelines and disclaimer</a>.</div>","domainName":"","owningOrgName":null,"owningOrgId":null,"maintainingOrgName":null,"maintainingOrgId":null,"sourceUrl":"http://www.youtube.com/watch?v=YhJSEUdnlY0","targetUrl":"http://www.youtube.com/watch?v=YhJSEUdnlY0","persistentUrlToken":null,"persistentUrl":null,"embedUrl":"https://oadc-dmb-dev-service.cdc.gov/api/v2/resources/media/344856/embed.json","syndicateUrl":"https://oadc-dmb-dev-service.cdc.gov/api/v2/resources/media/344856/syndicate.json","contentUrl":"https://oadc-dmb-dev-service.cdc.gov/api/v2/resources/media/344856/content.html","thumbnailUrl":"https://oadc-dmb-dev-service.cdc.gov/api/v2/resources/media/344856/thumbnail.png","alternateImages":[],"alternateText":"","noScriptText":"","featuredText":"","embedCode":"","author":"","length":"","size":null,"height":null,"width":null,"childCount":0,"children":[],"parentCount":0,"parents":[],"rating":null,"ratingCount":null,"ratingCommentCount":null,"status":"Published","datePublished":"2015-09-01T20:36:23Z","dateModified":"2015-09-21T15:29:02Z","dateContentAuthored":"","dateContentUpdated":"","dateContentPublished":"","dateContentReviewed":"","dateSyndicationCaptured":"2015-09-21T15:29:02Z","dateSyndicationUpdated":"2015-09-21T15:29:02Z","dateSyndicationVisible":"2015-09-01T20:36:23Z","extendedAttributes":{},"extension":{},"pageCount":"","dataSize":null,"enclosures":[{"id":1664,"resourceUrl":"https://i2.ytimg.com/vi/YhJSEUdnlY0/hqdefault.jpg","contentType":"image/jpeg","size":17204}]},{"id":344857,"url":"https://oadc-dmb-dev-service.cdc.gov/api/v2/resources/media/344857.json","name":"Cote de Pablo para la campaña Conozca Su Cuerpo (:60) versión B","description":"Cote de Pablo para la campaña Conozca Su Cuerpo (:60) versión B","mediaType":"Feed Item","language":{"name":"English","isoCode":"eng"},"tags":[{"id":25389,"name":"CDC Social Media","language":"English","type":"Topic"},{"id":34888,"name":"YouTube","language":"English","type":"ContentGroup"}],"geoTags":[],"campaigns":[],"source":{"name":"Centers for Disease Control and Prevention","acronym":"CDC","websiteUrl":null,"largeLogoUrl":null,"smallLogoUrl":null},"attribution":"<div id=\"cdcAttribution\">Content provided and maintained by the <a href=\"http://www.cdc.gov/\" target=\"_blank\">US Centers for Disease Control and Prevention</a> (CDC). Please see our system <a href=\"\" class=\"usageGuidelines\">usage guidelines and disclaimer</a>.</div>","domainName":"","owningOrgName":null,"owningOrgId":null,"maintainingOrgName":null,"maintainingOrgId":null,"sourceUrl":"http://www.youtube.com/watch?v=UxB6UZyAK7g","targetUrl":"http://www.youtube.com/watch?v=UxB6UZyAK7g","persistentUrlToken":null,"persistentUrl":null,"embedUrl":"https://oadc-dmb-dev-service.cdc.gov/api/v2/resources/media/344857/embed.json","syndicateUrl":"https://oadc-dmb-dev-service.cdc.gov/api/v2/resources/media/344857/syndicate.json","contentUrl":"https://oadc-dmb-dev-service.cdc.gov/api/v2/resources/media/344857/content.html","thumbnailUrl":"https://oadc-dmb-dev-service.cdc.gov/api/v2/resources/media/344857/thumbnail.png","alternateImages":[],"alternateText":"","noScriptText":"","featuredText":"","embedCode":"","author":"","length":"","size":null,"height":null,"width":null,"childCount":0,"children":[],"parentCount":0,"parents":[],"rating":null,"ratingCount":null,"ratingCommentCount":null,"status":"Published","datePublished":"2015-09-01T20:14:54Z","dateModified":"2015-09-21T15:29:04Z","dateContentAuthored":"","dateContentUpdated":"","dateContentPublished":"","dateContentReviewed":"","dateSyndicationCaptured":"2015-09-21T15:29:04Z","dateSyndicationUpdated":"2015-09-21T15:29:04Z","dateSyndicationVisible":"2015-09-01T20:14:54Z","extendedAttributes":{},"extension":{},"pageCount":"","dataSize":null,"enclosures":[{"id":1665,"resourceUrl":"https://i2.ytimg.com/vi/UxB6UZyAK7g/hqdefault.jpg","contentType":"image/jpeg","size":20713}]},{"id":344858,"url":"https://oadc-dmb-dev-service.cdc.gov/api/v2/resources/media/344858.json","name":"Cote de Pablo para la campaña Conozca Su Cuerpo (:60) versión A","description":"Cote de Pablo para la campaña Conozca Su Cuerpo (:60) versión A","mediaType":"Feed Item","language":{"name":"English","isoCode":"eng"},"tags":[{"id":25389,"name":"CDC Social Media","language":"English","type":"Topic"},{"id":34888,"name":"YouTube","language":"English","type":"ContentGroup"}],"geoTags":[],"campaigns":[],"source":{"name":"Centers for Disease Control and Prevention","acronym":"CDC","websiteUrl":null,"largeLogoUrl":null,"smallLogoUrl":null},"attribution":"<div id=\"cdcAttribution\">Content provided and maintained by the <a href=\"http://www.cdc.gov/\" target=\"_blank\">US Centers for Disease Control and Prevention</a> (CDC). Please see our system <a href=\"\" class=\"usageGuidelines\">usage guidelines and disclaimer</a>.</div>","domainName":"","owningOrgName":null,"owningOrgId":null,"maintainingOrgName":null,"maintainingOrgId":null,"sourceUrl":"http://www.youtube.com/watch?v=-xIp8TNXIj4","targetUrl":"http://www.youtube.com/watch?v=-xIp8TNXIj4","persistentUrlToken":null,"persistentUrl":null,"embedUrl":"https://oadc-dmb-dev-service.cdc.gov/api/v2/resources/media/344858/embed.json","syndicateUrl":"https://oadc-dmb-dev-service.cdc.gov/api/v2/resources/media/344858/syndicate.json","contentUrl":"https://oadc-dmb-dev-service.cdc.gov/api/v2/resources/media/344858/content.html","thumbnailUrl":"https://oadc-dmb-dev-service.cdc.gov/api/v2/resources/media/344858/thumbnail.png","alternateImages":[],"alternateText":"","noScriptText":"","featuredText":"","embedCode":"","author":"","length":"","size":null,"height":null,"width":null,"childCount":0,"children":[],"parentCount":0,"parents":[],"rating":null,"ratingCount":null,"ratingCommentCount":null,"status":"Published","datePublished":"2015-09-01T19:58:20Z","dateModified":"2015-09-21T15:29:07Z","dateContentAuthored":"","dateContentUpdated":"","dateContentPublished":"","dateContentReviewed":"","dateSyndicationCaptured":"2015-09-21T15:29:07Z","dateSyndicationUpdated":"2015-09-21T15:29:07Z","dateSyndicationVisible":"2015-09-01T19:58:20Z","extendedAttributes":{},"extension":{},"pageCount":"","dataSize":null,"enclosures":[{"id":1666,"resourceUrl":"https://i2.ytimg.com/vi/-xIp8TNXIj4/hqdefault.jpg","contentType":"image/jpeg","size":20713}]}]}