{"meta":{"status":200,"message":[],"resultSet":{"id":"4c06c767-f5cb-4aac-8579-fc15d5cc1604"},"pagination":{"total":14,"count":14,"max":100,"offset":0,"pageNum":1,"totalPages":1,"sort":"-datepublished,mediaid","previousUrl":"","currentUrl":"https://oadc-dmb-dev-service.cdc.gov/api/v2/resources/media.json?contentgroup=cdc-tv&fields=id,name,description,mediatype,thumbnailurl,syndicateurl,embedurl,contenturl,alternateimages,tags,sourceurl,targeturl,status,enclosures&max=100&pagenum=1","nextUrl":""}},"results":[{"id":344755,"name":"Cómo reducir el sodio en la alimentación de los niños","description":"Cómo reducir el sodio en la alimentación de los niños","mediaType":"Feed Item","language":{"name":"English","isoCode":"eng"},"tags":[{"id":25389,"name":"CDC Social Media","language":"English","type":"Topic"},{"id":35042,"name":"CDC-TV","language":"English","type":"ContentGroup"}],"sourceUrl":"http://www.youtube.com/watch?v=35l1nEVg9F0","syndicateUrl":"https://oadc-dmb-dev-service.cdc.gov/api/v2/resources/media/344755/syndicate.json","datePublished":"2014-09-09T17:04:47Z","dateModified":"2015-09-21T14:18:54Z","enclosures":[{"id":1610,"resourceUrl":"https://i4.ytimg.com/vi/35l1nEVg9F0/hqdefault.jpg","contentType":"image/jpeg","size":12323}]},{"id":344754,"name":"Reducing Sodium in Children’s Diets","description":"Reducing Sodium in Children’s Diets","mediaType":"Feed Item","language":{"name":"English","isoCode":"eng"},"tags":[{"id":25389,"name":"CDC Social Media","language":"English","type":"Topic"},{"id":35042,"name":"CDC-TV","language":"English","type":"ContentGroup"}],"sourceUrl":"http://www.youtube.com/watch?v=7HVp5Sw9NTo","syndicateUrl":"https://oadc-dmb-dev-service.cdc.gov/api/v2/resources/media/344754/syndicate.json","datePublished":"2014-09-09T17:04:47Z","dateModified":"2015-09-21T14:18:52Z","enclosures":[{"id":1609,"resourceUrl":"https://i4.ytimg.com/vi/7HVp5Sw9NTo/hqdefault.jpg","contentType":"image/jpeg","size":20127}]},{"id":344749,"name":"The Immunization Baby Book","description":"The Immunization Baby Book","mediaType":"Feed Item","language":{"name":"English","isoCode":"eng"},"tags":[{"id":25389,"name":"CDC Social Media","language":"English","type":"Topic"},{"id":35042,"name":"CDC-TV","language":"English","type":"ContentGroup"}],"sourceUrl":"http://www.youtube.com/watch?v=PlMOsxIQhhg","syndicateUrl":"https://oadc-dmb-dev-service.cdc.gov/api/v2/resources/media/344749/syndicate.json","datePublished":"2014-06-09T17:02:01Z","dateModified":"2015-09-21T14:18:42Z","enclosures":[{"id":1604,"resourceUrl":"https://i1.ytimg.com/vi/PlMOsxIQhhg/hqdefault.jpg","contentType":"image/jpeg","size":38159}]},{"id":344748,"name":"A Key Piece of the Puzzle: Vaccinations (:60)","description":"A Key Piece of the Puzzle: Vaccinations (:60)","mediaType":"Feed Item","language":{"name":"English","isoCode":"eng"},"tags":[{"id":25389,"name":"CDC Social Media","language":"English","type":"Topic"},{"id":35042,"name":"CDC-TV","language":"English","type":"ContentGroup"}],"sourceUrl":"http://www.youtube.com/watch?v=HHRUb8QEFRo","syndicateUrl":"https://oadc-dmb-dev-service.cdc.gov/api/v2/resources/media/344748/syndicate.json","datePublished":"2014-06-09T17:01:52Z","dateModified":"2015-09-21T14:18:39Z","enclosures":[{"id":1603,"resourceUrl":"https://i1.ytimg.com/vi/HHRUb8QEFRo/hqdefault.jpg","contentType":"image/jpeg","size":24855}]},{"id":344751,"name":"Making the Business Case for Prevention:  A Grocery Store's Healthy Options","description":"Making the Business Case for Prevention:  A Grocery Store's Healthy Options","mediaType":"Feed Item","language":{"name":"English","isoCode":"eng"},"tags":[{"id":25389,"name":"CDC Social Media","language":"English","type":"Topic"},{"id":35042,"name":"CDC-TV","language":"English","type":"ContentGroup"}],"sourceUrl":"http://www.youtube.com/watch?v=RlQQx-eklZU","syndicateUrl":"https://oadc-dmb-dev-service.cdc.gov/api/v2/resources/media/344751/syndicate.json","datePublished":"2014-03-07T18:57:01Z","dateModified":"2015-09-21T14:18:46Z","enclosures":[{"id":1606,"resourceUrl":"https://i3.ytimg.com/vi/RlQQx-eklZU/hqdefault.jpg","contentType":"image/jpeg","size":29379}]},{"id":344750,"name":"Making the Business Case for Prevention: Healthy Corner Stores","description":"Making the Business Case for Prevention: Healthy Corner Stores","mediaType":"Feed Item","language":{"name":"English","isoCode":"eng"},"tags":[{"id":25389,"name":"CDC Social Media","language":"English","type":"Topic"},{"id":35042,"name":"CDC-TV","language":"English","type":"ContentGroup"}],"sourceUrl":"http://www.youtube.com/watch?v=G_VkvizRZyg","syndicateUrl":"https://oadc-dmb-dev-service.cdc.gov/api/v2/resources/media/344750/syndicate.json","datePublished":"2014-03-07T18:56:43Z","dateModified":"2015-09-21T14:18:44Z","enclosures":[{"id":1605,"resourceUrl":"https://i4.ytimg.com/vi/G_VkvizRZyg/hqdefault.jpg","contentType":"image/jpeg","size":28895}]},{"id":344753,"name":"Making Health Easier: Active Living in Philadelphia, PA","description":"Making Health Easier: Active Living in Philadelphia, PA","mediaType":"Feed Item","language":{"name":"English","isoCode":"eng"},"tags":[{"id":25389,"name":"CDC Social Media","language":"English","type":"Topic"},{"id":35042,"name":"CDC-TV","language":"English","type":"ContentGroup"}],"sourceUrl":"http://www.youtube.com/watch?v=t5_AMiCrxMA","syndicateUrl":"https://oadc-dmb-dev-service.cdc.gov/api/v2/resources/media/344753/syndicate.json","datePublished":"2014-03-07T18:56:08Z","dateModified":"2015-09-21T14:18:50Z","enclosures":[{"id":1608,"resourceUrl":"https://i1.ytimg.com/vi/t5_AMiCrxMA/hqdefault.jpg","contentType":"image/jpeg","size":45406}]},{"id":344752,"name":"Making Health Easier: Healthy Snacking in Philadelphia, PA","description":"Making Health Easier: Healthy Snacking in Philadelphia, PA","mediaType":"Feed Item","language":{"name":"English","isoCode":"eng"},"tags":[{"id":25389,"name":"CDC Social Media","language":"English","type":"Topic"},{"id":35042,"name":"CDC-TV","language":"English","type":"ContentGroup"}],"sourceUrl":"http://www.youtube.com/watch?v=ssRC2wnKabQ","syndicateUrl":"https://oadc-dmb-dev-service.cdc.gov/api/v2/resources/media/344752/syndicate.json","datePublished":"2014-03-07T18:55:55Z","dateModified":"2015-09-21T14:18:48Z","enclosures":[{"id":1607,"resourceUrl":"https://i4.ytimg.com/vi/ssRC2wnKabQ/hqdefault.jpg","contentType":"image/jpeg","size":29604}]},{"id":344756,"name":"Arthritis Pain Reliever","description":"Arthritis Pain Reliever","mediaType":"Feed Item","language":{"name":"English","isoCode":"eng"},"tags":[{"id":25389,"name":"CDC Social Media","language":"English","type":"Topic"},{"id":35042,"name":"CDC-TV","language":"English","type":"ContentGroup"}],"sourceUrl":"http://www.youtube.com/watch?v=gWcOGZ6A88E","syndicateUrl":"https://oadc-dmb-dev-service.cdc.gov/api/v2/resources/media/344756/syndicate.json","datePublished":"2011-12-12T14:54:02Z","dateModified":"2015-09-21T14:18:57Z","enclosures":[{"id":1611,"resourceUrl":"https://i4.ytimg.com/vi/gWcOGZ6A88E/hqdefault.jpg","contentType":"image/jpeg","size":23914}]},{"id":344757,"name":"A Message to Health Care Professionals: Teen Pregnancy","description":"A Message to Health Care Professionals: Teen Pregnancy","mediaType":"Feed Item","language":{"name":"English","isoCode":"eng"},"tags":[{"id":25389,"name":"CDC Social Media","language":"English","type":"Topic"},{"id":35042,"name":"CDC-TV","language":"English","type":"ContentGroup"}],"sourceUrl":"http://www.youtube.com/watch?v=Vjdd41VbNvk","syndicateUrl":"https://oadc-dmb-dev-service.cdc.gov/api/v2/resources/media/344757/syndicate.json","datePublished":"2011-10-11T17:51:06Z","dateModified":"2015-09-21T14:18:59Z","enclosures":[{"id":1612,"resourceUrl":"https://i3.ytimg.com/vi/Vjdd41VbNvk/hqdefault.jpg","contentType":"image/jpeg","size":23444}]},{"id":344758,"name":"Global Disease Detectives","description":"Global Disease Detectives","mediaType":"Feed Item","language":{"name":"English","isoCode":"eng"},"tags":[{"id":25389,"name":"CDC Social Media","language":"English","type":"Topic"},{"id":35042,"name":"CDC-TV","language":"English","type":"ContentGroup"}],"sourceUrl":"http://www.youtube.com/watch?v=smaGXw3LuYk","syndicateUrl":"https://oadc-dmb-dev-service.cdc.gov/api/v2/resources/media/344758/syndicate.json","datePublished":"2010-09-19T23:03:08Z","dateModified":"2015-09-21T14:19:01Z","enclosures":[{"id":1613,"resourceUrl":"https://i4.ytimg.com/vi/smaGXw3LuYk/hqdefault.jpg","contentType":"image/jpeg","size":16707}]},{"id":344759,"name":"Binge Drinking","description":"Binge Drinking","mediaType":"Feed Item","language":{"name":"English","isoCode":"eng"},"tags":[{"id":25389,"name":"CDC Social Media","language":"English","type":"Topic"},{"id":35042,"name":"CDC-TV","language":"English","type":"ContentGroup"}],"sourceUrl":"http://www.youtube.com/watch?v=I9hdkDTaQWU","syndicateUrl":"https://oadc-dmb-dev-service.cdc.gov/api/v2/resources/media/344759/syndicate.json","datePublished":"2010-04-13T12:30:33Z","dateModified":"2015-09-21T14:19:03Z","enclosures":[{"id":1614,"resourceUrl":"https://i2.ytimg.com/vi/I9hdkDTaQWU/hqdefault.jpg","contentType":"image/jpeg","size":10918}]},{"id":344760,"name":"Wes Studi: Don't Get Dont Spread","description":"Wes Studi: Don't Get Dont Spread","mediaType":"Feed Item","language":{"name":"English","isoCode":"eng"},"tags":[{"id":25389,"name":"CDC Social Media","language":"English","type":"Topic"},{"id":35042,"name":"CDC-TV","language":"English","type":"ContentGroup"}],"sourceUrl":"http://www.youtube.com/watch?v=qjWLz_6eYww","syndicateUrl":"https://oadc-dmb-dev-service.cdc.gov/api/v2/resources/media/344760/syndicate.json","datePublished":"2010-03-17T20:06:08Z","dateModified":"2015-09-21T14:19:05Z","enclosures":[{"id":1615,"resourceUrl":"https://i2.ytimg.com/vi/qjWLz_6eYww/hqdefault.jpg","contentType":"image/jpeg","size":19575}]},{"id":344761,"name":"Wes Studi: Antivirals","description":"Wes Studi: Antivirals","mediaType":"Feed Item","language":{"name":"English","isoCode":"eng"},"tags":[{"id":25389,"name":"CDC Social Media","language":"English","type":"Topic"},{"id":35042,"name":"CDC-TV","language":"English","type":"ContentGroup"}],"sourceUrl":"http://www.youtube.com/watch?v=DlFjEsBI-ko","syndicateUrl":"https://oadc-dmb-dev-service.cdc.gov/api/v2/resources/media/344761/syndicate.json","datePublished":"2010-03-16T18:33:54Z","dateModified":"2015-09-21T14:19:07Z","enclosures":[{"id":1616,"resourceUrl":"https://i1.ytimg.com/vi/DlFjEsBI-ko/hqdefault.jpg","contentType":"image/jpeg","size":18624}]}]}