{
    "meta": {
        "status": 200,
        "message": [],
        "resultSet": {
            "id": "1e0ebb0c-58bd-4663-ab14-554431dce891"
        },
        "pagination": {
            "total": 3,
            "count": 3,
            "max": 100,
            "offset": 0,
            "pageNum": 1,
            "totalPages": 1,
            "sort": "-datepublished,mediaid",
            "previousUrl": "",
            "currentUrl": "https://oadc-dmb-dev-service.cdc.gov/api/v2/resources/media.json?contentgroup=disease of the week&fields=id,name,description,mediatype,thumbnailurl,syndicateurl,embedurl,contenturl,alternateimages,tags,sourceurl,targeturl,status,enclosures&max=100&pagenum=1",
            "nextUrl": ""
        }
    },
    "results": [{
        "id": 344119,
        "name": "Alzheimer&#39;s Disease - subsection title - section title - site title",
        "description": "Alzheimer&#39;s Disease",
        "mediaType": "Feed Item",
        "language": {
            "name": "English",
            "isoCode": "eng"
        },
        "tags": [{
            "id": 25253,
            "name": "Alzheimer's Disease",
            "language": "English",
            "type": "Topic"
        }],
        "sourceUrl": "http://wcms-dev-cdc-prev.cdc.gov/flu/rd_test/dotw/dotw-alzheimers.html",
        "syndicateUrl": "https://oadc-dmb-dev-service.cdc.gov/api/v2/resources/media/344119/syndicate.json",
        "datePublished": "2015-09-18T20:51:00Z",
        "dateModified": "2015-09-18T20:54:23Z",
        "enclosures": [{
            "id": 1276,
            "resourceUrl": "http://wcms-dev-cdc-prev.cdc.gov/flu/rd_test/dotw/alzheimers_740px.jpg",
            "contentType": "image/jpeg",
            "size": 73413
        }]
    }, {
        "id": 344117,
        "name": "Lyme Disease",
        "description": "Lyme Disease",
        "mediaType": "Feed Item",
        "language": {
            "name": "English",
            "isoCode": "eng"
        },
        "tags": [{
            "id": 25871,
            "name": "Lyme Disease (Borrelia burgdorferi Infection)",
            "language": "English",
            "type": "Topic"
        }],
        "sourceUrl": "http://wcms-dev-cdc.cdc.gov/flu/rd_test/dotw/dotw_test_01.html",
        "syndicateUrl": "https://oadc-dmb-dev-service.cdc.gov/api/v2/resources/media/344117/syndicate.json",
        "datePublished": "2015-08-26T19:43:00Z",
        "dateModified": "2015-09-18T20:48:08Z",
        "enclosures": [{
            "id": 1275,
            "resourceUrl": "http://wcms-dev-cdc.cdc.gov/flu/rd_test/images/lyme.jpg",
            "contentType": "image/jpeg",
            "size": 34951
        }]
    }, {
        "id": 138875,
        "name": "Smoking and Tobacco Use",
        "description": "This podcast series contains programs from CDC and its partners on topics related to smoking and use of other tobacco products.",
        "mediaType": "Podcast Series",
        "language": {
            "name": "English",
            "isoCode": "eng"
        },
        "tags": [{
            "id": 33235,
            "name": "B1 Steak Sauce",
            "language": "English",
            "type": "Topic"
        }, {
            "id": 34520,
            "name": "Disease of the Week",
            "language": "English",
            "type": "ContentGroup"
        }],
        "sourceUrl": "http://www2c.cdc.gov/podcasts/",
        "syndicateUrl": "https://oadc-dmb-dev-service.cdc.gov/api/v2/resources/media/138875/syndicate.json",
        "datePublished": "2010-06-22T11:45:00Z",
        "dateModified": "2015-09-22T17:47:54Z",
        "enclosures": []
    }]
}
