{"meta":{"status":200,"message":[],"resultSet":{"id":"85c6bfc7-259d-4c7e-8ce7-d08543914efe"},"pagination":{"total":1,"count":1,"max":1,"offset":0,"pageNum":1,"totalPages":1,"sort":null,"previousUrl":"","currentUrl":"https://oadc-dmb-dev-service.cdc.gov/api/v2/resources/media/344732/syndicate.json","nextUrl":""}},"results":{"mediaId":344732,"mediaType":"Feed Item","name":"Volume 21, Number 9—September 2015","description":"<p>Table of Contents for Emerging Infections Program</p>","sourceUrl":"http://wwwnc.cdc.gov/eid/syn/en/issue/21/9/table-of-contents.htm","targetUrl":"http://wwwnc.cdc.gov/eid/syn/en/issue/21/9/table-of-contents.htm","content":"<div class=\"syndicate\" xmlns=\"http://www.w3.org/1999/xhtml\"><h1>Volume 21, Number 9—September 2015</h1><div class=\"module noBorder\" id=\"cdc_eidlist\"><div class=\"inner\"><div class=\"subc\"><div class=\"module\"><div class=\"inner\"><div class=\"subc\"><p><span class=\"issue-special-title\"><img alt=\"\" src=\"http://wwwnc.cdc.gov/eid/images/EIPLogo_4C.jpg\" /></span></p></div><h3><span>THEME ISSUE</span><br /><span class=\"issue-special-title\">Emerging Infections Program</span></h3><div class=\"subc\"><h2></h2><div class=\"item\"><div><h3><a href=\"http://wwwnc.cdc.gov/eid/article/21/9/15-0564\" target=\"_blank\">Emerging Infections Program—20 Years of Achievements and Future Prospects</a></h3><div><a href=\"http://wwwnc.cdc.gov/eid/article/21/9/pdfs/15-0564.pdf\" target=\"_blank\">PDF Version [PDF - 859 KB - 2 pages]</a></div><div>R. Lynfield and W. Schaffner</div></div></div><div class=\"item\"><div><h3><a href=\"http://wwwnc.cdc.gov/eid/article/21/9/15-0619\" target=\"_blank\">Cultivation of an Adaptive Domestic Network for Surveillance and Evaluation of Emerging Infections</a></h3><div><a href=\"http://wwwnc.cdc.gov/eid/article/21/9/pdfs/15-0619.pdf\" target=\"_blank\">PDF Version [PDF - 1.98 MB - 11 pages]</a></div><div>R. W. Pinner et al.</div><div class=\"a-summary row\"><div class=\"detail\"><p>Accomplishments of this program have provided numerous dividends and might benefit areas outside infectious diseases.</p></div></div></div></div><div class=\"item\"><div><h3><a href=\"http://wwwnc.cdc.gov/eid/article/21/9/15-0428\" target=\"_blank\">Emerging Infections Program—State Health Department Perspective</a></h3><div><a href=\"http://wwwnc.cdc.gov/eid/article/21/9/pdfs/15-0428.pdf\" target=\"_blank\">PDF Version [PDF - 505 KB - 6 pages]</a></div><div>J. L. Hadler et al.</div><div class=\"a-summary row\"><div class=\"detail\"><p>This network has enriched research and workforce training and produced a synergy between state and federal levels.</p></div></div></div></div><div class=\"item\"><div><h3><a href=\"http://wwwnc.cdc.gov/eid/article/21/9/15-0443\" target=\"_blank\">Training in Infectious Disease Epidemiology through the Emerging Infections Program Sites</a></h3><div><a href=\"http://wwwnc.cdc.gov/eid/article/21/9/pdfs/15-0443.pdf\" target=\"_blank\">PDF Version [PDF - 1.07 MB - 4 pages]</a></div><div>D. J. Vugia et al.</div><div class=\"a-summary row\"><div class=\"detail\"><p>EIP sites contribute substantially to training current and future public health professionals.</p></div></div></div></div><div class=\"item\"><div><h3><a href=\"http://wwwnc.cdc.gov/eid/article/21/9/14-1333\" target=\"_blank\">Twenty Years of Active Bacterial Core Surveillance</a></h3><div><a href=\"http://wwwnc.cdc.gov/eid/article/21/9/pdfs/14-1333.pdf\" target=\"_blank\">PDF Version [PDF - 1.56 MB - 9 pages]</a></div><div>G. Langley et al.</div><div class=\"a-summary row\"><div class=\"detail\"><p>This program has directly affected public health policies and practices.</p></div></div></div></div><div class=\"item\"><div><h3><a href=\"http://wwwnc.cdc.gov/eid/article/21/9/15-0581\" target=\"_blank\">Foodborne Diseases Active Surveillance Network—2 Decades of Achievements, 1996–2015</a></h3><div><a href=\"http://wwwnc.cdc.gov/eid/article/21/9/pdfs/15-0581.pdf\" target=\"_blank\">PDF Version [PDF - 2.22 MB - 8 pages]</a></div><div>O. L. Henao et al.</div><div class=\"a-summary row\"><div class=\"detail\"><p>FoodNet has provided a foundation for food safety policy and illness prevention since 1996.</p></div></div></div></div><div class=\"item\"><div><h3><a href=\"http://wwwnc.cdc.gov/eid/article/21/9/15-0508\" target=\"_blank\">Evaluating Epidemiology and Improving Surveillance of Infections Associated with Health Care, United States</a></h3><div><a href=\"http://wwwnc.cdc.gov/eid/article/21/9/pdfs/15-0508.pdf\" target=\"_blank\">PDF Version [PDF - 632 KB - 6 pages]</a></div><div>S. S. Magill et al.</div><div class=\"a-summary row\"><div class=\"detail\"><p>This national resource provides much-needed data on pathogens, infections, and antimicrobial drug use.</p></div></div></div></div><div class=\"item\"><div><h3><a href=\"http://wwwnc.cdc.gov/eid/article/21/9/14-1912\" target=\"_blank\">The US Influenza Hospitalization Surveillance Network</a></h3><div><a href=\"http://wwwnc.cdc.gov/eid/article/21/9/pdfs/14-1912.pdf\" target=\"_blank\">PDF Version [PDF - 2.33 MB - 8 pages]</a></div><div>S. Chaves et al.</div><div class=\"a-summary row\"><div class=\"detail\"><p>This network has helped determine risk, define outbreak severity, and guide recommendations for treatment and vaccination programs.</p></div></div></div></div><div class=\"item\"><div><h3><a href=\"http://wwwnc.cdc.gov/eid/article/21/9/15-0395\" target=\"_blank\">Use of Pneumococcal Disease Epidemiology to Set Policy and Prevent Disease during 20 Years of the Emerging Infections Program</a></h3><div><a href=\"http://wwwnc.cdc.gov/eid/article/21/9/pdfs/15-0395.pdf\" target=\"_blank\">PDF Version [PDF - 838 KB - 6 pages]</a></div><div>M. R. Moore and C. G. Whitney</div><div class=\"a-summary row\"><div class=\"detail\"><p>This program has been a flexible platform for following trends of this disease and evaluating vaccine effectiveness.</p></div></div></div></div><div class=\"item\"><div><h3><a href=\"http://wwwnc.cdc.gov/eid/article/21/9/14-1841\" target=\"_blank\">Monitoring Effect of Human Papillomavirus Vaccines in US Population, Emerging Infections Program, 2008–2012</a></h3><div><a href=\"http://wwwnc.cdc.gov/eid/article/21/9/pdfs/14-1841.pdf\" target=\"_blank\">PDF Version [PDF - 474 KB - 5 pages]</a></div><div>S. Hariri et al.</div><div class=\"a-summary row\"><div class=\"detail\"><p>Methods for surveillance of cervical precancers and associated types were developed to monitor effect of HPV vaccination.</p></div></div></div></div><div class=\"item\"><div><div>Medscape CME Activity</div><h3><a href=\"http://wwwnc.cdc.gov/eid/article/21/9/15-0295\" target=\"_blank\">Encephalitis Surveillance through the Emerging Infections Program, 1997–2010</a></h3><div><a href=\"http://wwwnc.cdc.gov/eid/article/21/9/pdfs/15-0295.pdf\" target=\"_blank\">PDF Version [PDF - 471 KB - 6 pages]</a></div><div>K. C. Bloch and C. A. Glaser</div><div class=\"a-summary row\"><div class=\"detail\"><p>A 3-state syndromic surveillance system documented reduction and emergence of neurologic infectious diseases.</p></div></div></div></div><div class=\"item\"><div><h3><a href=\"http://wwwnc.cdc.gov/eid/article/21/9/15-0023\" target=\"_blank\">Tracking Pertussis and Evaluating Control Measures through Enhanced Pertussis Surveillance, Emerging Infections Program, United States</a></h3><div><a href=\"http://wwwnc.cdc.gov/eid/article/21/9/pdfs/15-0023.pdf\" target=\"_blank\">PDF Version [PDF - 541 KB - 6 pages]</a></div><div>T. H. Skoff et al.</div><div class=\"a-summary row\"><div class=\"detail\"><p>This network can improve pertussis prevention and control and be a model for surveillance programs.</p></div></div></div></div><div class=\"item\"><div><h3><a href=\"http://wwwnc.cdc.gov/eid/article/21/9/15-0301\" target=\"_blank\">TickNET—A Collaborative Public Health Approach to Tickborne Disease Surveillance and Research</a></h3><div><a href=\"http://wwwnc.cdc.gov/eid/article/21/9/pdfs/15-0301.pdf\" target=\"_blank\">PDF Version [PDF - 2.83 MB - 4 pages]</a></div><div>P. Mead et al.</div></div></div><div class=\"item\"><div><h3><a href=\"http://wwwnc.cdc.gov/eid/article/21/9/15-0512\" target=\"_blank\">Emerging Infections Program as Surveillance for Antimicrobial Drug Resistance</a></h3><div><a href=\"http://wwwnc.cdc.gov/eid/article/21/9/pdfs/15-0512.pdf\" target=\"_blank\">PDF Version [PDF - 1.54 MB - 4 pages]</a></div><div>S. K. Fridkin et al.</div><div class=\"a-summary row\"><div class=\"detail\"><p>This program is a national resource for data on the epidemiology of antimicrobial drug–resistant infections and characteristics of isolates.</p></div></div></div></div><div class=\"item\"><div><h3><a href=\"http://wwwnc.cdc.gov/eid/article/21/9/15-0570\" target=\"_blank\">Effect of Culture-Independent Diagnostic Tests on Future Emerging Infections Program Surveillance</a></h3><div><a href=\"http://wwwnc.cdc.gov/eid/article/21/9/pdfs/15-0570.pdf\" target=\"_blank\">PDF Version [PDF - 724 KB - 7 pages]</a></div><div>G. Langley et al.</div><div class=\"a-summary row\"><div class=\"detail\"><p>Use of such tests in clinical settings presents opportunities and challenges.</p></div></div></div></div><div class=\"item\"><div><h3><a href=\"http://wwwnc.cdc.gov/eid/article/21/9/15-0275\" target=\"_blank\">Emerging Infections Program Efforts to Address Health Equity</a></h3><div><a href=\"http://wwwnc.cdc.gov/eid/article/21/9/pdfs/15-0275.pdf\" target=\"_blank\">PDF Version [PDF - 845 KB - 6 pages]</a></div><div>J. L. Hadler et al.</div><div class=\"a-summary row\"><div class=\"detail\"><p>The EIP has expanded efforts to measure health inequities by using area-based socioeconomic analyses.</p></div></div></div></div><div class=\"item\"><div><h3><a href=\"http://wwwnc.cdc.gov/eid/article/21/9/14-1665\" target=\"_blank\">Improving Accuracy of Influenza-Associated Hospitalization Rate Estimates</a></h3><div><a href=\"http://wwwnc.cdc.gov/eid/article/21/9/pdfs/14-1665.pdf\" target=\"_blank\">PDF Version [PDF - 1.50 MB - 6 pages]</a></div><div>A. J. Millman et al.</div><div class=\"a-summary row\"><div class=\"detail\"><p>Adjusting for diagnostic test sensitivity enables more accurate and timely comparisons over time.</p></div></div></div></div><div class=\"item\"><div><h3><a href=\"http://wwwnc.cdc.gov/eid/article/21/9/14-1861\" target=\"_blank\">Socioeconomic Disparities and Influenza Hospitalizations, Tennessee, USA</a></h3><div><a href=\"http://wwwnc.cdc.gov/eid/article/21/9/pdfs/14-1861.pdf\" target=\"_blank\">PDF Version [PDF - 2.34 MB - 9 pages]</a></div><div>C. Sloan et al.</div><div class=\"a-summary row\"><div class=\"detail\"><p>High rates of poverty, low education, and female single-parent households are associated with these hospitalizations.</p></div></div></div></div><div class=\"item\"><div><h3><a href=\"http://wwwnc.cdc.gov/eid/article/21/9/15-0198\" target=\"_blank\">Improved Phenotype-Based Definition for Identifying Carbapenemase Producers among Carbapenem-Resistant <em>Enterobacteriaceae</em></a></h3><div><a href=\"http://wwwnc.cdc.gov/eid/article/21/9/pdfs/15-0198.pdf\" target=\"_blank\">PDF Version [PDF - 449 KB - 6 pages]</a></div><div>N. Chea et al.</div><div class=\"a-summary row\"><div class=\"detail\"><p>A new, less restrictive definition increases detection of <em>Klebsiella pneumoniae</em> carbapenemase producers.</p></div></div></div></div><div class=\"item\"><div><h3><a href=\"http://wwwnc.cdc.gov/eid/article/21/9/15-0277\" target=\"_blank\">Socioeconomic Status and Foodborne Pathogens in Connecticut, USA, 2000–2011</a></h3><div><a href=\"http://wwwnc.cdc.gov/eid/article/21/9/pdfs/15-0277.pdf\" target=\"_blank\">PDF Version [PDF - 1.06 MB - 8 pages]</a></div><div>B. M. Whitney et al.</div><div class=\"a-summary row\"><div class=\"detail\"><p>Diseases were associated with socioeconomic status and age of patients and with serotype of organism.</p></div></div></div></div><div class=\"item\"><div><h3><a href=\"http://wwwnc.cdc.gov/eid/article/21/9/15-0417\" target=\"_blank\">Incidence of Clinician-Diagnosed Lyme Disease, United States, 2005–2010</a></h3><div><a href=\"http://wwwnc.cdc.gov/eid/article/21/9/pdfs/15-0417.pdf\" target=\"_blank\">PDF Version [PDF - 1.29 MB - 7 pages]</a></div><div>C. A. Nelson et al.</div><div class=\"a-summary row\"><div class=\"detail\"><p>Extrapolation from a large medical claims database suggests that 329,000 cases occur annually.</p></div></div></div></div><div class=\"item\"><div><h3><a href=\"http://wwwnc.cdc.gov/eid/article/21/9/15-0344\" target=\"_blank\">Enhancing Lyme Disease Surveillance by Using Administrative Claims Data, Tennessee, USA</a></h3><div><a href=\"http://wwwnc.cdc.gov/eid/article/21/9/pdfs/15-0344.pdf\" target=\"_blank\">PDF Version [PDF - 1019 KB - 2 pages]</a></div><div>J. L. Clayton et al.</div></div></div><div class=\"item\"><div><h3><a href=\"http://wwwnc.cdc.gov/eid/article/21/9/14-1445\" target=\"_blank\">Photo Quiz</a></h3><div><a href=\"http://wwwnc.cdc.gov/eid/article/21/9/pdfs/14-1445.pdf\" target=\"_blank\">PDF Version [PDF - 577 KB - 3 pages]</a></div><div>M. G. Schultz and W. Schaffner</div></div></div></div><h3>Volume 21, Number 9—September 2015 - Continued</h3><h2>Synopses</h2><div class=\"item article\"><div><div>Medscape CME Activity</div><h3><a href=\"http://wwwnc.cdc.gov/eid/article/21/9/14-1634\" target=\"_blank\"><em>Mycobacterium abscessus</em> Complex Infections in Humans</a></h3><div><a href=\"http://wwwnc.cdc.gov/eid/article/21/9/pdfs/14-1634.pdf\" target=\"_blank\">PDF Version [PDF - 1.25 MB - 9 pages]</a></div><div>M. Lee et al.</div><div class=\"a-summary row\"><div class=\"detail\"><p>New treatments, rapid and inexpensive identification methods, and measures to contain nosocomial transmission and outbreaks are urgently needed.</p></div></div></div></div><h2>Dispatches</h2><div class=\"item article\"><div><h3><a href=\"http://wwwnc.cdc.gov/eid/article/21/9/14-2026\" target=\"_blank\">Putative Lineage of Novel African Usutu Virus, Central Europe</a></h3><div><a href=\"http://wwwnc.cdc.gov/eid/article/21/9/pdfs/14-2026.pdf\" target=\"_blank\">PDF Version [PDF - 1001 KB - 4 pages]</a></div><div>D. Cadar et al.</div></div></div><div class=\"item article\"><div><h3><a href=\"http://wwwnc.cdc.gov/eid/article/21/9/14-1030\" target=\"_blank\">Randomness of Dengue Outbreaks on the Equator</a></h3><div><a href=\"http://wwwnc.cdc.gov/eid/article/21/9/pdfs/14-1030.pdf\" target=\"_blank\">PDF Version [PDF - 1.32 MB - 3 pages]</a></div><div>Y. Chen et al.</div></div></div><div class=\"item article\"><div><h3><a href=\"http://wwwnc.cdc.gov/eid/article/21/9/15-0472\" target=\"_blank\">Acute Respiratory Infections in Travelers Returning from MERS-CoV–Affected Areas</a></h3><div><a href=\"http://wwwnc.cdc.gov/eid/article/21/9/pdfs/15-0472.pdf\" target=\"_blank\">PDF Version [PDF - 575 KB - 3 pages]</a></div><div>M. German et al.</div></div></div><div class=\"item article\"><div><h3><a href=\"http://wwwnc.cdc.gov/eid/article/21/9/15-0635\" target=\"_blank\">Third Wave of Influenza A(H7N9) Virus from Poultry, Guangdong Province, China, 2014–2015</a></h3><div><a href=\"http://wwwnc.cdc.gov/eid/article/21/9/pdfs/15-0635.pdf\" target=\"_blank\">PDF Version [PDF - 1.92 MB - 4 pages]</a></div><div>S. Xie et al.</div></div></div><div class=\"item article\"><div><h3><a href=\"http://wwwnc.cdc.gov/eid/article/21/9/15-0104\" target=\"_blank\">Disseminated Enteroviral Infection Associated with Obinutuzumab</a></h3><div><a href=\"http://wwwnc.cdc.gov/eid/article/21/9/pdfs/15-0104.pdf\" target=\"_blank\">PDF Version [PDF - 965 KB - 3 pages]</a></div><div>C. Dendle et al.</div></div></div><div class=\"item article\"><div><h3><a href=\"http://wwwnc.cdc.gov/eid/article/21/9/15-0476\" target=\"_blank\">Laboratory Testing for Middle East Respiratory Syndrome Coronavirus, California, USA, 2013–2014</a></h3><div><a href=\"http://wwwnc.cdc.gov/eid/article/21/9/pdfs/15-0476.pdf\" target=\"_blank\">PDF Version [PDF - 1.06 MB - 3 pages]</a></div><div>M. Shahkarami et al.</div></div></div><div class=\"item article\"><div><h3><a href=\"http://wwwnc.cdc.gov/eid/article/21/9/15-0560\" target=\"_blank\">Follow-up of Contacts of Middle East Respiratory Syndrome Coronavirus–Infected Returning Travelers, the Netherlands, 2014</a></h3><div><a href=\"http://wwwnc.cdc.gov/eid/article/21/9/pdfs/15-0560.pdf\" target=\"_blank\">PDF Version [PDF - 278 KB - 3 pages]</a></div><div>M. Mollers et al.</div></div></div><div class=\"item article\"><div><h3><a href=\"http://wwwnc.cdc.gov/eid/article/21/9/15-0622\" target=\"_blank\">Reemergence and Autochthonous Transmission of Dengue Virus, Eastern China, 2014</a></h3><div><a href=\"http://wwwnc.cdc.gov/eid/article/21/9/pdfs/15-0622.pdf\" target=\"_blank\">PDF Version [PDF - 715 KB - 4 pages]</a></div><div>W. Wang et al.</div></div></div><h2>Letters</h2><div class=\"item article\"><div><h3><a href=\"http://wwwnc.cdc.gov/eid/article/21/9/15-0097\" target=\"_blank\"><em>Bifidobacterium breve</em> Sepsis in Child with High-Risk Acute Lymphoblastic Leukemia</a></h3><div><a href=\"http://wwwnc.cdc.gov/eid/article/21/9/pdfs/15-0097.pdf\" target=\"_blank\">PDF Version [PDF - 356 KB - 2 pages]</a></div><div>S. Avcin et al.</div></div></div><div class=\"item article\"><div><h3><a href=\"http://wwwnc.cdc.gov/eid/article/21/9/15-0260\" target=\"_blank\">Filovirus RNA in Fruit Bats, China</a></h3><div><a href=\"http://wwwnc.cdc.gov/eid/article/21/9/pdfs/15-0260.pdf\" target=\"_blank\">PDF Version [PDF - 627 KB - 3 pages]</a></div><div>B. He et al.</div></div></div><div class=\"item article\"><div><h3><a href=\"http://wwwnc.cdc.gov/eid/article/21/9/15-0289\" target=\"_blank\">Increase in Lymphadenitis Cases after Shift in BCG Vaccine Strain</a></h3><div><a href=\"http://wwwnc.cdc.gov/eid/article/21/9/pdfs/15-0289.pdf\" target=\"_blank\">PDF Version [PDF - 300 KB - 3 pages]</a></div><div>G. Kuchukhidze et al.</div></div></div><div class=\"item article\"><div><h3><a href=\"http://wwwnc.cdc.gov/eid/article/21/9/15-0300\" target=\"_blank\">Fatal Accelerated Cirrhosis after Imported HEV Genotype 4 Infection</a></h3><div><a href=\"http://wwwnc.cdc.gov/eid/article/21/9/pdfs/15-0300.pdf\" target=\"_blank\">PDF Version [PDF - 1.85 MB - 3 pages]</a></div><div>R. B. Perumpail et al.</div></div></div><div class=\"item article\"><div><h3><a href=\"http://wwwnc.cdc.gov/eid/article/21/9/15-0391\" target=\"_blank\">Measles Reemergence in Ceará, Northeast Brazil, 15 Years after Elimination</a></h3><div><a href=\"http://wwwnc.cdc.gov/eid/article/21/9/pdfs/15-0391.pdf\" target=\"_blank\">PDF Version [PDF - 378 KB - 3 pages]</a></div><div>R. D. Leite et al.</div></div></div><div class=\"item article\"><div><h3><a href=\"http://wwwnc.cdc.gov/eid/article/21/9/15-0439\" target=\"_blank\">Chikungunya Virus in Macaques, Malaysia</a></h3><div><a href=\"http://wwwnc.cdc.gov/eid/article/21/9/pdfs/15-0439.pdf\" target=\"_blank\">PDF Version [PDF - 500 KB - 3 pages]</a></div><div>I. Sam et al.</div></div></div><div class=\"item article\"><div><h3><a href=\"http://wwwnc.cdc.gov/eid/article/21/9/15-0461\" target=\"_blank\">Functional Immune Reconstitution by Interleukin-2 Adjunctive Therapy for HIV/Mycobacterial Co-infection</a></h3><div><a href=\"http://wwwnc.cdc.gov/eid/article/21/9/pdfs/15-0461.pdf\" target=\"_blank\">PDF Version [PDF - 470 KB - 3 pages]</a></div><div>J. Heyckendorf et al.</div></div></div><div class=\"item article\"><div><h3><a href=\"http://wwwnc.cdc.gov/eid/article/21/9/15-0520\" target=\"_blank\"><em>Corynebacterium bovis</em> Eye Infections, Washington, USA, 2013</a></h3><div><a href=\"http://wwwnc.cdc.gov/eid/article/21/9/pdfs/15-0520.pdf\" target=\"_blank\">PDF Version [PDF - 905 KB - 3 pages]</a></div><div>S. Chow et al.</div></div></div><h2>About the Cover</h2><div class=\"item article\"><div><h3><a href=\"http://wwwnc.cdc.gov/eid/article/21/9/ac-2109\" target=\"_blank\">Ceaseless Experimentation Sparks Fireworks, Art, and Science</a></h3><div><a href=\"http://wwwnc.cdc.gov/eid/article/21/9/pdfs/ac-2109.pdf\" target=\"_blank\">PDF Version [PDF - 2.69 MB - 2 pages]</a></div><div>B. Breedlove</div></div></div><h2>Etymologia</h2><div class=\"item article\"><div><h3><a href=\"http://wwwnc.cdc.gov/eid/article/21/9/et-2109\" target=\"_blank\">Etymologia: Surveillance</a></h3><div><a href=\"http://wwwnc.cdc.gov/eid/article/21/9/pdfs/et-2109.pdf\" target=\"_blank\">PDF Version [PDF - 399 KB - 1 page]</a></div><div></div></div></div><h2>News and Notes</h2><div class=\"item article\"><div><h3><a href=\"http://wwwnc.cdc.gov/eid/article/21/9/nn-2109\" target=\"_blank\">International Conference on Emerging Infectious Diseases 2015 Poster and Oral Presentation Abstracts</a></h3><div><a href=\"http://wwwnc.cdc.gov/eid/article/21/9/pdfs/nn-2109.pdf\" target=\"_blank\">PDF Version [PDF - 3.01 MB - 480 pages]</a></div><div></div></div></div></div></div></div></div></div><div id=\"cdc_synd-metrics\"><noscript><img src=\"http://t.cdc.gov/metrics.aspx?contenttitle=Volume%2021,%20Number%209%e2%80%94September%202015%20-%20Emerging%20Infectious%20Disease%20journal%20-%20CDC&channel=EIDjournal&urlreferrer=' + escape(document.location) + '&url=http://wwwnc.cdc.gov/eid/articles/issue/21/9/table-of-contents&language=English\" height=\"1\" width=\"1\" alt=\"metrics\" id=\"cdc_metricsImage\" /></noscript></div></div>"}}