{"meta":{"status":200,"message":[],"resultSet":{"id":"97479b49-6ea5-4a7c-b226-99fb41244d00"},"pagination":{"total":9,"count":9,"max":100,"offset":0,"pageNum":1,"totalPages":1,"sort":"-datepublished,mediaid","previousUrl":"","currentUrl":"https://oadc-dmb-dev-service.cdc.gov/api/v2/resources/media.json?contentgroup=eid&fields=id,name,description,mediatype,thumbnailurl,syndicateurl,embedurl,contenturl,alternateimages,tags,sourceurl,targeturl,status,enclosures&max=100&pagenum=1","nextUrl":""}},"results":[{"id":344732,"name":"Volume 21, Number 9—September 2015","description":"<p>Table of Contents for Emerging Infections Program</p>","mediaType":"Feed Item","tags":[{"id":25551,"name":"EID Journal (Emerging Infectious Diseases)","language":"English","type":"Topic"},{"id":35043,"name":"EID","language":"English","type":"ContentGroup"}],"sourceUrl":"http://wwwnc.cdc.gov/eid/syn/en/issue/21/9/table-of-contents.htm","targetUrl":"http://wwwnc.cdc.gov/eid/syn/en/issue/21/9/table-of-contents.htm","embedUrl":"https://oadc-dmb-dev-service.cdc.gov/api/v2/resources/media/344732/embed.json","syndicateUrl":"https://oadc-dmb-dev-service.cdc.gov/api/v2/resources/media/344732/syndicate.json","contentUrl":"https://oadc-dmb-dev-service.cdc.gov/api/v2/resources/media/344732/content.html","thumbnailUrl":"https://oadc-dmb-dev-service.cdc.gov/api/v2/resources/media/344732/thumbnail.png","alternateImages":[],"status":"Published","enclosures":[{"id":1587,"resourceUrl":"http://www.cdc.gov/eid-static/generalapp/top-icon.png","contentType":"image/png","size":8584}]},{"id":344731,"name":"Synopses — <em>Mycobacterium abscessus</em> Complex Infections in Humans","description":"<p>New treatments, rapid and inexpensive identification methods, and measures to contain nosocomial transmission and outbreaks are urgently needed.</p>","mediaType":"Feed Item","tags":[{"id":25551,"name":"EID Journal (Emerging Infectious Diseases)","language":"English","type":"Topic"},{"id":35043,"name":"EID","language":"English","type":"ContentGroup"}],"sourceUrl":"http://wwwnc.cdc.gov/eid/syn/en/article/21/9/14-1634.htm","targetUrl":"http://wwwnc.cdc.gov/eid/syn/en/article/21/9/14-1634.htm","embedUrl":"https://oadc-dmb-dev-service.cdc.gov/api/v2/resources/media/344731/embed.json","syndicateUrl":"https://oadc-dmb-dev-service.cdc.gov/api/v2/resources/media/344731/syndicate.json","contentUrl":"https://oadc-dmb-dev-service.cdc.gov/api/v2/resources/media/344731/content.html","thumbnailUrl":"https://oadc-dmb-dev-service.cdc.gov/api/v2/resources/media/344731/thumbnail.png","alternateImages":[],"status":"Published","enclosures":[{"id":1586,"resourceUrl":"http://www.cdc.gov/eid-static/generalapp/top-icon.png","contentType":"image/png","size":8584}]},{"id":344730,"name":"Emerging Infections Program — Emerging Infections Program — Encephalitis Surveillance through the Emerging Infections Program, 1997–2010","description":"<p>A 3-state syndromic surveillance system documented reduction and emergence of neurologic infectious diseases.</p>","mediaType":"Feed Item","tags":[{"id":25551,"name":"EID Journal (Emerging Infectious Diseases)","language":"English","type":"Topic"},{"id":35043,"name":"EID","language":"English","type":"ContentGroup"}],"sourceUrl":"http://wwwnc.cdc.gov/eid/syn/en/article/21/9/15-0295.htm","targetUrl":"http://wwwnc.cdc.gov/eid/syn/en/article/21/9/15-0295.htm","embedUrl":"https://oadc-dmb-dev-service.cdc.gov/api/v2/resources/media/344730/embed.json","syndicateUrl":"https://oadc-dmb-dev-service.cdc.gov/api/v2/resources/media/344730/syndicate.json","contentUrl":"https://oadc-dmb-dev-service.cdc.gov/api/v2/resources/media/344730/content.html","thumbnailUrl":"https://oadc-dmb-dev-service.cdc.gov/api/v2/resources/media/344730/thumbnail.png","alternateImages":[],"status":"Published","enclosures":[{"id":1585,"resourceUrl":"http://www.cdc.gov/eid-static/generalapp/top-icon.png","contentType":"image/png","size":8584}]},{"id":344729,"name":"Emerging Infections Program — Emerging Infections Program — Incidence of Clinician-Diagnosed Lyme Disease, United States, 2005–2010","description":"<p>Extrapolation from a large medical claims database suggests that 329,000 cases occur annually.</p>","mediaType":"Feed Item","tags":[{"id":25551,"name":"EID Journal (Emerging Infectious Diseases)","language":"English","type":"Topic"},{"id":35043,"name":"EID","language":"English","type":"ContentGroup"}],"sourceUrl":"http://wwwnc.cdc.gov/eid/syn/en/article/21/9/15-0417.htm","targetUrl":"http://wwwnc.cdc.gov/eid/syn/en/article/21/9/15-0417.htm","embedUrl":"https://oadc-dmb-dev-service.cdc.gov/api/v2/resources/media/344729/embed.json","syndicateUrl":"https://oadc-dmb-dev-service.cdc.gov/api/v2/resources/media/344729/syndicate.json","contentUrl":"https://oadc-dmb-dev-service.cdc.gov/api/v2/resources/media/344729/content.html","thumbnailUrl":"https://oadc-dmb-dev-service.cdc.gov/api/v2/resources/media/344729/thumbnail.png","alternateImages":[],"status":"Published","enclosures":[{"id":1584,"resourceUrl":"http://www.cdc.gov/eid-static/generalapp/top-icon.png","contentType":"image/png","size":8584}]},{"id":344728,"name":"Emerging Infections Program — Emerging Infections Program — Effect of Culture-Independent Diagnostic Tests on Future Emerging Infections Program Surveillance","description":"<p>Use of such tests in clinical settings presents opportunities and challenges. </p>","mediaType":"Feed Item","tags":[{"id":25551,"name":"EID Journal (Emerging Infectious Diseases)","language":"English","type":"Topic"},{"id":35043,"name":"EID","language":"English","type":"ContentGroup"}],"sourceUrl":"http://wwwnc.cdc.gov/eid/syn/en/article/21/9/15-0570.htm","targetUrl":"http://wwwnc.cdc.gov/eid/syn/en/article/21/9/15-0570.htm","embedUrl":"https://oadc-dmb-dev-service.cdc.gov/api/v2/resources/media/344728/embed.json","syndicateUrl":"https://oadc-dmb-dev-service.cdc.gov/api/v2/resources/media/344728/syndicate.json","contentUrl":"https://oadc-dmb-dev-service.cdc.gov/api/v2/resources/media/344728/content.html","thumbnailUrl":"https://oadc-dmb-dev-service.cdc.gov/api/v2/resources/media/344728/thumbnail.png","alternateImages":[],"status":"Published","enclosures":[{"id":1583,"resourceUrl":"http://www.cdc.gov/eid-static/generalapp/top-icon.png","contentType":"image/png","size":8584}]},{"id":344727,"name":"Emerging Infections Program — Emerging Infections Program — Emerging Infections Program as Surveillance for Antimicrobial Drug Resistance","description":"<p>This program is a national resource for data on the epidemiology of antimicrobial drug–resistant infections and characteristics of isolates.</p>","mediaType":"Feed Item","tags":[{"id":25551,"name":"EID Journal (Emerging Infectious Diseases)","language":"English","type":"Topic"},{"id":35043,"name":"EID","language":"English","type":"ContentGroup"}],"sourceUrl":"http://wwwnc.cdc.gov/eid/syn/en/article/21/9/15-0512.htm","targetUrl":"http://wwwnc.cdc.gov/eid/syn/en/article/21/9/15-0512.htm","embedUrl":"https://oadc-dmb-dev-service.cdc.gov/api/v2/resources/media/344727/embed.json","syndicateUrl":"https://oadc-dmb-dev-service.cdc.gov/api/v2/resources/media/344727/syndicate.json","contentUrl":"https://oadc-dmb-dev-service.cdc.gov/api/v2/resources/media/344727/content.html","thumbnailUrl":"https://oadc-dmb-dev-service.cdc.gov/api/v2/resources/media/344727/thumbnail.png","alternateImages":[],"status":"Published","enclosures":[{"id":1582,"resourceUrl":"http://www.cdc.gov/eid-static/generalapp/top-icon.png","contentType":"image/png","size":8584}]},{"id":344726,"name":"Emerging Infections Program — Emerging Infections Program — The US Influenza Hospitalization Surveillance Network","description":"<p>This network has helped determine risk, define outbreak severity, and guide recommendations for treatment and vaccination programs.</p>","mediaType":"Feed Item","tags":[{"id":25551,"name":"EID Journal (Emerging Infectious Diseases)","language":"English","type":"Topic"},{"id":35043,"name":"EID","language":"English","type":"ContentGroup"}],"sourceUrl":"http://wwwnc.cdc.gov/eid/syn/en/article/21/9/14-1912.htm","targetUrl":"http://wwwnc.cdc.gov/eid/syn/en/article/21/9/14-1912.htm","embedUrl":"https://oadc-dmb-dev-service.cdc.gov/api/v2/resources/media/344726/embed.json","syndicateUrl":"https://oadc-dmb-dev-service.cdc.gov/api/v2/resources/media/344726/syndicate.json","contentUrl":"https://oadc-dmb-dev-service.cdc.gov/api/v2/resources/media/344726/content.html","thumbnailUrl":"https://oadc-dmb-dev-service.cdc.gov/api/v2/resources/media/344726/thumbnail.png","alternateImages":[],"status":"Published","enclosures":[{"id":1581,"resourceUrl":"http://www.cdc.gov/eid-static/generalapp/top-icon.png","contentType":"image/png","size":8584}]},{"id":344725,"name":"Emerging Infections Program — Emerging Infections Program — Evaluating Epidemiology and Improving Surveillance of Infections Associated with Health Care, United States","description":"<p>This national resource provides much-needed data on pathogens, infections, and antimicrobial drug use.</p>","mediaType":"Feed Item","tags":[{"id":25551,"name":"EID Journal (Emerging Infectious Diseases)","language":"English","type":"Topic"},{"id":35043,"name":"EID","language":"English","type":"ContentGroup"}],"sourceUrl":"http://wwwnc.cdc.gov/eid/syn/en/article/21/9/15-0508.htm","targetUrl":"http://wwwnc.cdc.gov/eid/syn/en/article/21/9/15-0508.htm","embedUrl":"https://oadc-dmb-dev-service.cdc.gov/api/v2/resources/media/344725/embed.json","syndicateUrl":"https://oadc-dmb-dev-service.cdc.gov/api/v2/resources/media/344725/syndicate.json","contentUrl":"https://oadc-dmb-dev-service.cdc.gov/api/v2/resources/media/344725/content.html","thumbnailUrl":"https://oadc-dmb-dev-service.cdc.gov/api/v2/resources/media/344725/thumbnail.png","alternateImages":[],"status":"Published","enclosures":[{"id":1580,"resourceUrl":"http://www.cdc.gov/eid-static/generalapp/top-icon.png","contentType":"image/png","size":8584}]},{"id":344724,"name":"Emerging Infections Program — Emerging Infections Program — Foodborne Diseases Active Surveillance Network—2 Decades of Achievements, 1996–2015","description":"<p>FoodNet has provided a foundation for food safety policy and illness prevention since 1996.</p>","mediaType":"Feed Item","tags":[{"id":25551,"name":"EID Journal (Emerging Infectious Diseases)","language":"English","type":"Topic"},{"id":35043,"name":"EID","language":"English","type":"ContentGroup"}],"sourceUrl":"http://wwwnc.cdc.gov/eid/syn/en/article/21/9/15-0581.htm","targetUrl":"http://wwwnc.cdc.gov/eid/syn/en/article/21/9/15-0581.htm","embedUrl":"https://oadc-dmb-dev-service.cdc.gov/api/v2/resources/media/344724/embed.json","syndicateUrl":"https://oadc-dmb-dev-service.cdc.gov/api/v2/resources/media/344724/syndicate.json","contentUrl":"https://oadc-dmb-dev-service.cdc.gov/api/v2/resources/media/344724/content.html","thumbnailUrl":"https://oadc-dmb-dev-service.cdc.gov/api/v2/resources/media/344724/thumbnail.png","alternateImages":[],"status":"Published","enclosures":[{"id":1579,"resourceUrl":"http://www.cdc.gov/eid-static/generalapp/top-icon.png","contentType":"image/png","size":8584}]}]}