{"meta":{"status":200,"message":[],"resultSet":{"id":"f603c915-884f-46be-9014-6b0720e4c1b6"},"pagination":{"total":50,"count":50,"max":100,"offset":0,"pageNum":1,"totalPages":1,"sort":"-datepublished,mediaid","previousUrl":"","currentUrl":"https://oadc-dmb-dev-service.cdc.gov/api/v2/resources/media.json?contentgroup=featured health articles&fields=id,name,description,mediatype,tags,sourceurl,syndicateurl,datepublished,datemodified,enclosures,language&max=100&pagenum=1","nextUrl":""}},"results":[{"id":343933,"name":"Adult Pneumococcal Vaccines","description":"Make sure you are up to date on your pneumococcal vaccines.","mediaType":"Feed Item","language":{"name":"English","isoCode":"eng"},"tags":[{"id":25382,"name":"CDC Features","language":"English","type":"Topic"},{"id":34511,"name":"Featured Health Articles","language":"English","type":"ContentGroup"}],"sourceUrl":"http://www.cdc.gov/Features/adult-pneumococcal/index.html","syndicateUrl":"https://oadc-dmb-dev-service.cdc.gov/api/v2/resources/media/343933/syndicate.json","datePublished":"2015-09-15T16:15:00Z","dateModified":"2015-09-18T20:14:25Z","enclosures":[{"id":1125,"resourceUrl":"http://www.cdc.gov/features/adult-pneumococcal/adult-pneumococcal_456px.jpg","contentType":"image/jpeg","size":51873}]},{"id":343934,"name":"Flu Season is Coming","description":"Vaccinate to Protect You and Your Loved Ones from Flu","mediaType":"Feed Item","language":{"name":"English","isoCode":"eng"},"tags":[{"id":25382,"name":"CDC Features","language":"English","type":"Topic"},{"id":34511,"name":"Featured Health Articles","language":"English","type":"ContentGroup"}],"sourceUrl":"http://www.cdc.gov/features/flu/index.html","syndicateUrl":"https://oadc-dmb-dev-service.cdc.gov/api/v2/resources/media/343934/syndicate.json","datePublished":"2015-09-14T16:00:00Z","dateModified":"2015-09-18T20:14:28Z","enclosures":[{"id":1126,"resourceUrl":"http://www.cdc.gov/features/flu/flu_456px.jpg","contentType":"image/jpeg","size":26040}]},{"id":343935,"name":"Prostate Cancer Awareness","description":"Talk to your doctor before you get tested or treated for prostate cancer.","mediaType":"Feed Item","language":{"name":"English","isoCode":"eng"},"tags":[{"id":25382,"name":"CDC Features","language":"English","type":"Topic"},{"id":34511,"name":"Featured Health Articles","language":"English","type":"ContentGroup"}],"sourceUrl":"http://www.cdc.gov/cancer/dcpc/resources/features/prostatecancer/","syndicateUrl":"https://oadc-dmb-dev-service.cdc.gov/api/v2/resources/media/343935/syndicate.json","datePublished":"2015-09-14T11:45:00Z","dateModified":"2015-09-18T20:14:31Z","enclosures":[{"id":1127,"resourceUrl":"http://www.cdc.gov/features/prostatecancer/prostatecancer_456px.jpg","contentType":"image/jpeg","size":40850}]},{"id":343936,"name":"Preventing Suicide","description":"September 10th is World Suicide Prevention Day","mediaType":"Feed Item","language":{"name":"English","isoCode":"eng"},"tags":[{"id":25382,"name":"CDC Features","language":"English","type":"Topic"},{"id":34511,"name":"Featured Health Articles","language":"English","type":"ContentGroup"}],"sourceUrl":"http://www.cdc.gov/features/preventingsuicide/index.html","syndicateUrl":"https://oadc-dmb-dev-service.cdc.gov/api/v2/resources/media/343936/syndicate.json","datePublished":"2015-09-09T10:30:00Z","dateModified":"2015-09-18T20:14:35Z","enclosures":[{"id":1128,"resourceUrl":"http://www.cdc.gov/features/preventingsuicide/preventingsuicide_456px.jpg","contentType":"image/jpeg","size":36336}]},{"id":343937,"name":"Be Ready, Be Healthy","description":"Start talking to those around you about emergency preparedness today.","mediaType":"Feed Item","language":{"name":"English","isoCode":"eng"},"tags":[{"id":25382,"name":"CDC Features","language":"English","type":"Topic"},{"id":34511,"name":"Featured Health Articles","language":"English","type":"ContentGroup"}],"sourceUrl":"http://www.cdc.gov/features/be-ready-be-healthy/","syndicateUrl":"https://oadc-dmb-dev-service.cdc.gov/api/v2/resources/media/343937/syndicate.json","datePublished":"2015-09-08T12:45:00Z","dateModified":"2015-09-18T20:14:39Z","enclosures":[{"id":1129,"resourceUrl":"http://www.cdc.gov/features/be-ready-be-healthy/be-ready-be-healthy_456px.jpg","contentType":"image/jpeg","size":30252}]},{"id":343938,"name":"Infant Mortality Awareness ","description":"Learn more about the problem and risk factors and take action to reduce risk.","mediaType":"Feed Item","language":{"name":"English","isoCode":"eng"},"tags":[{"id":25382,"name":"CDC Features","language":"English","type":"Topic"},{"id":34511,"name":"Featured Health Articles","language":"English","type":"ContentGroup"}],"sourceUrl":"http://www.cdc.gov/features/infantmortality/index.html","syndicateUrl":"https://oadc-dmb-dev-service.cdc.gov/api/v2/resources/media/343938/syndicate.json","datePublished":"2015-09-08T12:00:00Z","dateModified":"2015-09-18T20:14:42Z","enclosures":[{"id":1130,"resourceUrl":"http://www.cdc.gov/features/infantmortality/infantimortality_456px.jpg","contentType":"image/jpeg","size":34771}]},{"id":343939,"name":"Gynecologic Cancer","description":"Learn about cervical, ovarian, uterine, vaginal, and vulvar cancers.","mediaType":"Feed Item","language":{"name":"English","isoCode":"eng"},"tags":[{"id":25382,"name":"CDC Features","language":"English","type":"Topic"},{"id":34511,"name":"Featured Health Articles","language":"English","type":"ContentGroup"}],"sourceUrl":"http://www.cdc.gov/cancer/dcpc/resources/features/GynecologicCancers/","syndicateUrl":"https://oadc-dmb-dev-service.cdc.gov/api/v2/resources/media/343939/syndicate.json","datePublished":"2015-09-08T10:45:00Z","dateModified":"2015-09-18T20:14:46Z","enclosures":[{"id":1131,"resourceUrl":"http://www.cdc.gov/features/GynecologicCancers/GynecologicCancers_456px.jpg","contentType":"image/jpeg","size":47004}]},{"id":343940,"name":"Food Safety Savvy","description":"Use these tools and tips to help prevent food poisoning.","mediaType":"Feed Item","language":{"name":"English","isoCode":"eng"},"tags":[{"id":25382,"name":"CDC Features","language":"English","type":"Topic"},{"id":34511,"name":"Featured Health Articles","language":"English","type":"ContentGroup"}],"sourceUrl":"http://www.cdc.gov/features/food-safety-savvy/","syndicateUrl":"https://oadc-dmb-dev-service.cdc.gov/api/v2/resources/media/343940/syndicate.json","datePublished":"2015-09-08T10:15:00Z","dateModified":"2015-09-18T20:14:49Z","enclosures":[{"id":1132,"resourceUrl":"http://www.cdc.gov/features/food-safety-savvy/food-safety-savvy_456px.gif","contentType":"image/gif","size":30252}]},{"id":343941,"name":"Living with FASDs ","description":"September 9th is International Fetal Alcohol Spectrum Disorders Awareness Day.","mediaType":"Feed Item","language":{"name":"English","isoCode":"eng"},"tags":[{"id":25382,"name":"CDC Features","language":"English","type":"Topic"},{"id":34511,"name":"Featured Health Articles","language":"English","type":"ContentGroup"}],"sourceUrl":"http://www.cdc.gov/features/fasd-taylors-story/","syndicateUrl":"https://oadc-dmb-dev-service.cdc.gov/api/v2/resources/media/343941/syndicate.json","datePublished":"2015-09-08T09:45:00Z","dateModified":"2015-09-18T20:14:53Z","enclosures":[{"id":1133,"resourceUrl":"http://www.cdc.gov/features/fasd-taylors-story/fasd-taylors-story_456px.jpg","contentType":"image/jpeg","size":30252}]},{"id":343942,"name":"Get Your Flu Vaccine!","description":"Flu vaccination is important for long-term care facility personnel.","mediaType":"Feed Item","language":{"name":"English","isoCode":"eng"},"tags":[{"id":25382,"name":"CDC Features","language":"English","type":"Topic"},{"id":34511,"name":"Featured Health Articles","language":"English","type":"ContentGroup"}],"sourceUrl":"http://www.cdc.gov/features/long-term-care/","syndicateUrl":"https://oadc-dmb-dev-service.cdc.gov/api/v2/resources/media/343942/syndicate.json","datePublished":"2015-09-08T09:30:00Z","dateModified":"2015-09-18T20:14:56Z","enclosures":[{"id":1134,"resourceUrl":"http://www.cdc.gov/features/long-term-care/long-term-care_456px.jpg","contentType":"image/jpeg","size":30252}]},{"id":343943,"name":"Are you ready yet?","description":"Be ready! National Preparedness Month is here!","mediaType":"Feed Item","language":{"name":"English","isoCode":"eng"},"tags":[{"id":25382,"name":"CDC Features","language":"English","type":"Topic"},{"id":34511,"name":"Featured Health Articles","language":"English","type":"ContentGroup"}],"sourceUrl":"http://www.cdc.gov/features/beready/index.html","syndicateUrl":"https://oadc-dmb-dev-service.cdc.gov/api/v2/resources/media/343943/syndicate.json","datePublished":"2015-09-08T09:00:00Z","dateModified":"2015-09-18T20:15:00Z","enclosures":[{"id":1135,"resourceUrl":"http://www.cdc.gov/features/beready/beready_456px.jpg","contentType":"image/jpeg","size":30252}]},{"id":343944,"name":"Healthy Swimming All Year","description":"Stay healthy and avoid recreational water illnesses (RWIs) when you swim.","mediaType":"Feed Item","language":{"name":"English","isoCode":"eng"},"tags":[{"id":25382,"name":"CDC Features","language":"English","type":"Topic"},{"id":34511,"name":"Featured Health Articles","language":"English","type":"ContentGroup"}],"sourceUrl":"http://www.cdc.gov/features/healthy-swimming-year-round/","syndicateUrl":"https://oadc-dmb-dev-service.cdc.gov/api/v2/resources/media/343944/syndicate.json","datePublished":"2015-09-04T09:00:00Z","dateModified":"2015-09-18T20:15:04Z","enclosures":[{"id":1136,"resourceUrl":"http://www.cdc.gov/features/healthy-swimming-year-round/healthy-swimming-year-round_456px.jpg","contentType":"image/jpeg","size":19782}]},{"id":343945,"name":"Sickle Cell Trait Toolkit","description":"Check out the SCT toolkit to learn more about sickle cell trait.","mediaType":"Feed Item","language":{"name":"English","isoCode":"eng"},"tags":[{"id":25382,"name":"CDC Features","language":"English","type":"Topic"},{"id":34511,"name":"Featured Health Articles","language":"English","type":"ContentGroup"}],"sourceUrl":"http://www.cdc.gov/features/sickle-cell-toolkit/","syndicateUrl":"https://oadc-dmb-dev-service.cdc.gov/api/v2/resources/media/343945/syndicate.json","datePublished":"2015-09-02T09:00:00Z","dateModified":"2015-09-18T20:15:08Z","enclosures":[{"id":1137,"resourceUrl":"http://www.cdc.gov/features/sickle-cell-toolkit/sickle-cell-toolkit_456px.jpg","contentType":"image/jpeg","size":19782}]},{"id":343946,"name":"Childhood Obesity Month","description":"Learn about ways you can promote healthy growth in children and prevent obesity.","mediaType":"Feed Item","language":{"name":"English","isoCode":"eng"},"tags":[{"id":25382,"name":"CDC Features","language":"English","type":"Topic"},{"id":34511,"name":"Featured Health Articles","language":"English","type":"ContentGroup"}],"sourceUrl":"http://www.cdc.gov/features/childhoodobesity/index.html","syndicateUrl":"https://oadc-dmb-dev-service.cdc.gov/api/v2/resources/media/343946/syndicate.json","datePublished":"2015-09-01T13:00:00Z","dateModified":"2015-09-18T20:15:13Z","enclosures":[{"id":1138,"resourceUrl":"http://www.cdc.gov/features/childhoodobesity/childhoodobesity_456px.jpg","contentType":"image/jpeg","size":65203}]},{"id":343947,"name":"Healthier School Meals","description":"Schools successfully using practices to make school meals healthier.","mediaType":"Feed Item","language":{"name":"English","isoCode":"eng"},"tags":[{"id":25382,"name":"CDC Features","language":"English","type":"Topic"},{"id":34511,"name":"Featured Health Articles","language":"English","type":"ContentGroup"}],"sourceUrl":"http://www.cdc.gov/features/healthier-school-meals/","syndicateUrl":"https://oadc-dmb-dev-service.cdc.gov/api/v2/resources/media/343947/syndicate.json","datePublished":"2015-08-31T13:45:00Z","dateModified":"2015-09-18T20:15:16Z","enclosures":[{"id":1139,"resourceUrl":"http://www.cdc.gov/features/healthier-school-meals/healthier-school-meals_456px.jpg","contentType":"image/jpeg","size":19782}]},{"id":343948,"name":"A Story of Health","description":"A new eBook on how to promote health and prevent disease.","mediaType":"Feed Item","language":{"name":"English","isoCode":"eng"},"tags":[{"id":25382,"name":"CDC Features","language":"English","type":"Topic"},{"id":34511,"name":"Featured Health Articles","language":"English","type":"ContentGroup"}],"sourceUrl":"http://www.cdc.gov/features/story-of-health/","syndicateUrl":"https://oadc-dmb-dev-service.cdc.gov/api/v2/resources/media/343948/syndicate.json","datePublished":"2015-08-31T09:00:00Z","dateModified":"2015-09-18T20:15:20Z","enclosures":[{"id":1140,"resourceUrl":"http://www.cdc.gov/features/story-of-health/story-of-health_456px.jpg","contentType":"image/jpeg","size":30507}]},{"id":343949,"name":"Get Tdap ","description":"Pregnant? Talk to your doctor about the whooping cough vaccine.","mediaType":"Feed Item","language":{"name":"English","isoCode":"eng"},"tags":[{"id":25382,"name":"CDC Features","language":"English","type":"Topic"},{"id":34511,"name":"Featured Health Articles","language":"English","type":"ContentGroup"}],"sourceUrl":"http://www.cdc.gov/features/tdap-in-pregnancy/index.html","syndicateUrl":"https://oadc-dmb-dev-service.cdc.gov/api/v2/resources/media/343949/syndicate.json","datePublished":"2015-08-27T12:30:00Z","dateModified":"2015-09-18T20:15:24Z","enclosures":[{"id":1141,"resourceUrl":"http://www.cdc.gov/features/tdap-in-pregnancy/tdap-in-pregnancy_456px.jpg","contentType":"image/jpeg","size":25913}]},{"id":343950,"name":"Immunization","description":"What are the reasons to vaccinate my baby?","mediaType":"Feed Item","language":{"name":"English","isoCode":"eng"},"tags":[{"id":25382,"name":"CDC Features","language":"English","type":"Topic"},{"id":34511,"name":"Featured Health Articles","language":"English","type":"ContentGroup"}],"sourceUrl":"http://www.cdc.gov/features/reasonstovaccinate/","syndicateUrl":"https://oadc-dmb-dev-service.cdc.gov/api/v2/resources/media/343950/syndicate.json","datePublished":"2015-08-26T09:00:00Z","dateModified":"2015-09-18T20:15:28Z","enclosures":[{"id":1142,"resourceUrl":"http://www.cdc.gov/Features/reasonstovaccinate/reasonstovaccinate_456px.jpg","contentType":"image/jpeg","size":30452}]},{"id":343951,"name":"HPV and Latino Health","description":"Learn how Latinos and all racial and ethnic groups can reduce their risk of HPV.","mediaType":"Feed Item","language":{"name":"English","isoCode":"eng"},"tags":[{"id":25382,"name":"CDC Features","language":"English","type":"Topic"},{"id":34511,"name":"Featured Health Articles","language":"English","type":"ContentGroup"}],"sourceUrl":"http://www.cdc.gov/features/hpv-latino/","syndicateUrl":"https://oadc-dmb-dev-service.cdc.gov/api/v2/resources/media/343951/syndicate.json","datePublished":"2015-08-25T09:30:00Z","dateModified":"2015-09-18T20:15:32Z","enclosures":[{"id":1143,"resourceUrl":"http://www.cdc.gov/features/hpv-latino/hpv-latino_456px.jpg","contentType":"image/jpeg","size":75989}]},{"id":343952,"name":"Keeping Children Safe","description":"School is in session. Take three steps to protect them from emergencies.","mediaType":"Feed Item","language":{"name":"English","isoCode":"eng"},"tags":[{"id":25382,"name":"CDC Features","language":"English","type":"Topic"},{"id":34511,"name":"Featured Health Articles","language":"English","type":"ContentGroup"}],"sourceUrl":"http://www.cdc.gov/features/keeping-children-safe/","syndicateUrl":"https://oadc-dmb-dev-service.cdc.gov/api/v2/resources/media/343952/syndicate.json","datePublished":"2015-08-25T09:15:00Z","dateModified":"2015-09-18T20:15:37Z","enclosures":[{"id":1144,"resourceUrl":"http://www.cdc.gov/features/keeping-children-safe/keeping-children-safe_456px.jpg","contentType":"image/jpeg","size":75989}]},{"id":343953,"name":"Healthy Contact Lens Wear ","description":"Protect your eyes. Learn tips for avoiding eye infections.","mediaType":"Feed Item","language":{"name":"English","isoCode":"eng"},"tags":[{"id":25382,"name":"CDC Features","language":"English","type":"Topic"},{"id":34511,"name":"Featured Health Articles","language":"English","type":"ContentGroup"}],"sourceUrl":"http://www.cdc.gov/features/healthy-contact-lens/","syndicateUrl":"https://oadc-dmb-dev-service.cdc.gov/api/v2/resources/media/343953/syndicate.json","datePublished":"2015-08-24T08:30:00Z","dateModified":"2015-09-18T20:15:41Z","enclosures":[{"id":1145,"resourceUrl":"http://www.cdc.gov/features/healthy-contact-lens/healthy-contact-lens_456px.jpg","contentType":"image/jpeg","size":52665}]},{"id":343954,"name":"Hurricane Readiness","description":"Would you be ready if a hurricane hits you today?","mediaType":"Feed Item","language":{"name":"English","isoCode":"eng"},"tags":[{"id":25382,"name":"CDC Features","language":"English","type":"Topic"},{"id":34511,"name":"Featured Health Articles","language":"English","type":"ContentGroup"}],"sourceUrl":"http://www.cdc.gov/Features/HurricanePreparedness/","syndicateUrl":"https://oadc-dmb-dev-service.cdc.gov/api/v2/resources/media/343954/syndicate.json","datePublished":"2015-08-20T15:30:00Z","dateModified":"2015-09-18T20:15:45Z","enclosures":[{"id":1146,"resourceUrl":"http://www.cdc.gov/Features/HurricanePreparedness/HurricanePreparedness_456px.jpg","contentType":"image/jpeg","size":9892}]},{"id":343955,"name":"Chickenpox Can Be Serious","description":"Chickenpox can be serious: Getting the chickenpox vaccine protects your family.","mediaType":"Feed Item","language":{"name":"English","isoCode":"eng"},"tags":[{"id":25382,"name":"CDC Features","language":"English","type":"Topic"},{"id":34511,"name":"Featured Health Articles","language":"English","type":"ContentGroup"}],"sourceUrl":"http://www.cdc.gov/features/PreventChickenpox/index.html","syndicateUrl":"https://oadc-dmb-dev-service.cdc.gov/api/v2/resources/media/343955/syndicate.json","datePublished":"2015-08-20T15:15:00Z","dateModified":"2015-09-18T20:15:49Z","enclosures":[{"id":1147,"resourceUrl":"http://www.cdc.gov/features/PreventChickenpox/PreventChickenpox_456px.jpg","contentType":"image/jpeg","size":25749}]},{"id":343956,"name":"Adults Need Vaccines, Too","description":"Find out which vaccines are recommended for you.","mediaType":"Feed Item","language":{"name":"English","isoCode":"eng"},"tags":[{"id":25382,"name":"CDC Features","language":"English","type":"Topic"},{"id":34511,"name":"Featured Health Articles","language":"English","type":"ContentGroup"}],"sourceUrl":"http://www.cdc.gov/features/adultimmunizations/","syndicateUrl":"https://oadc-dmb-dev-service.cdc.gov/api/v2/resources/media/343956/syndicate.json","datePublished":"2015-08-19T16:00:00Z","dateModified":"2015-09-18T20:15:54Z","enclosures":[{"id":1148,"resourceUrl":"http://www.cdc.gov/features/adultimmunizations/adultimmunizations_456px.jpg","contentType":"image/jpeg","size":18176}]},{"id":343957,"name":"Mumps","description":"Mumps can cause serious complications. Protect your child with mumps vaccine.","mediaType":"Feed Item","language":{"name":"English","isoCode":"eng"},"tags":[{"id":25382,"name":"CDC Features","language":"English","type":"Topic"},{"id":34511,"name":"Featured Health Articles","language":"English","type":"ContentGroup"}],"sourceUrl":"http://www.cdc.gov/Features/mumps/index.html","syndicateUrl":"https://oadc-dmb-dev-service.cdc.gov/api/v2/resources/media/343957/syndicate.json","datePublished":"2015-08-19T12:15:00Z","dateModified":"2015-09-18T20:15:58Z","enclosures":[{"id":1149,"resourceUrl":"http://www.cdc.gov/features/mumps/mumps_475px.jpg","contentType":"image/jpeg","size":23836}]},{"id":343958,"name":"West Nile Virus","description":"Protect yourself and your family from mosquito bites this summer.","mediaType":"Feed Item","language":{"name":"English","isoCode":"eng"},"tags":[{"id":25382,"name":"CDC Features","language":"English","type":"Topic"},{"id":34511,"name":"Featured Health Articles","language":"English","type":"ContentGroup"}],"sourceUrl":"http://www.cdc.gov/features/westnilevirus/","syndicateUrl":"https://oadc-dmb-dev-service.cdc.gov/api/v2/resources/media/343958/syndicate.json","datePublished":"2015-08-17T11:30:00Z","dateModified":"2015-09-18T20:16:02Z","enclosures":[{"id":1150,"resourceUrl":"http://www.cdc.gov/features/westnilevirus/westnilevirus_456px.jpg","contentType":"image/jpeg","size":28104}]},{"id":343959,"name":"Tips for College Health","description":"Learn pointers for college students on staying safe and healthy.","mediaType":"Feed Item","language":{"name":"English","isoCode":"eng"},"tags":[{"id":25382,"name":"CDC Features","language":"English","type":"Topic"},{"id":34511,"name":"Featured Health Articles","language":"English","type":"ContentGroup"}],"sourceUrl":"http://www.cdc.gov/features/collegehealth/","syndicateUrl":"https://oadc-dmb-dev-service.cdc.gov/api/v2/resources/media/343959/syndicate.json","datePublished":"2015-08-17T09:30:00Z","dateModified":"2015-09-18T20:16:05Z","enclosures":[{"id":1151,"resourceUrl":"http://www.cdc.gov/features/collegehealth/collegehealth_456px.jpg","contentType":"image/jpeg","size":43328}]},{"id":343960,"name":"Schools Play a Key Role","description":"Learn what schools can do to support HIV/STD prevention and testing.","mediaType":"Feed Item","language":{"name":"English","isoCode":"eng"},"tags":[{"id":25382,"name":"CDC Features","language":"English","type":"Topic"},{"id":34511,"name":"Featured Health Articles","language":"English","type":"ContentGroup"}],"sourceUrl":"http://www.cdc.gov/features/hivstdprevention/index.html","syndicateUrl":"https://oadc-dmb-dev-service.cdc.gov/api/v2/resources/media/343960/syndicate.json","datePublished":"2015-08-13T16:00:00Z","dateModified":"2015-09-18T20:16:09Z","enclosures":[{"id":1152,"resourceUrl":"http://www.cdc.gov/features/hivstdprevention/hivstdprevention_456px.jpg","contentType":"image/jpeg","size":19093}]},{"id":343961,"name":"Schools Start Too Early","description":"Later school start can improve adolescent health and academic performance.","mediaType":"Feed Item","language":{"name":"English","isoCode":"eng"},"tags":[{"id":25382,"name":"CDC Features","language":"English","type":"Topic"},{"id":34511,"name":"Featured Health Articles","language":"English","type":"ContentGroup"}],"sourceUrl":"http://www.cdc.gov/features/school-start-times/index.html","syndicateUrl":"https://oadc-dmb-dev-service.cdc.gov/api/v2/resources/media/343961/syndicate.json","datePublished":"2015-08-13T08:00:00Z","dateModified":"2015-09-18T20:16:12Z","enclosures":[{"id":1153,"resourceUrl":"http://www.cdc.gov/features/school-start-times/school-start-times_456px.jpg","contentType":"image/jpeg","size":26868}]},{"id":343962,"name":"Safe youth. Safe schools.","description":"Keep children safe—in and away from school.","mediaType":"Feed Item","language":{"name":"English","isoCode":"eng"},"tags":[{"id":25382,"name":"CDC Features","language":"English","type":"Topic"},{"id":34511,"name":"Featured Health Articles","language":"English","type":"ContentGroup"}],"sourceUrl":"http://www.cdc.gov/features/safeschools/index.html","syndicateUrl":"https://oadc-dmb-dev-service.cdc.gov/api/v2/resources/media/343962/syndicate.json","datePublished":"2015-08-12T08:00:00Z","dateModified":"2015-09-18T20:16:16Z","enclosures":[{"id":1154,"resourceUrl":"http://www.cdc.gov/features/safeschools/safeschools_456px.jpg","contentType":"image/jpeg","size":42268}]},{"id":343963,"name":"Pregnant? Get vaccinated.","description":"Learn about the vaccines you will need before and during your pregnancy. ","mediaType":"Feed Item","language":{"name":"English","isoCode":"eng"},"tags":[{"id":25382,"name":"CDC Features","language":"English","type":"Topic"},{"id":34511,"name":"Featured Health Articles","language":"English","type":"ContentGroup"}],"sourceUrl":"http://www.cdc.gov/features/pregnant-vaccines/index.html","syndicateUrl":"https://oadc-dmb-dev-service.cdc.gov/api/v2/resources/media/343963/syndicate.json","datePublished":"2015-08-11T14:00:00Z","dateModified":"2015-09-18T20:16:20Z","enclosures":[{"id":1155,"resourceUrl":"http://www.cdc.gov/features/pregnant-vaccines/pregnant-vaccines_456px.jpg","contentType":"image/jpeg","size":30507}]},{"id":343965,"name":"Managing Diabetes at School","description":"Teach your child to manage diabetes during the school day.  ","mediaType":"Feed Item","language":{"name":"English","isoCode":"eng"},"tags":[{"id":25382,"name":"CDC Features","language":"English","type":"Topic"},{"id":34511,"name":"Featured Health Articles","language":"English","type":"ContentGroup"}],"sourceUrl":"http://www.cdc.gov/features/diabetesinschool/","syndicateUrl":"https://oadc-dmb-dev-service.cdc.gov/api/v2/resources/media/343965/syndicate.json","datePublished":"2015-08-10T08:00:00Z","dateModified":"2015-09-18T20:16:27Z","enclosures":[{"id":1157,"resourceUrl":"http://www.cdc.gov/features/diabetesinschool/diabetesinschool_456px.jpg","contentType":"image/jpeg","size":46026}]},{"id":343964,"name":"EvaluACTION ","description":"Use CDC’s EvaluACTION to develop a customized evaluation plan and logic model.","mediaType":"Feed Item","language":{"name":"English","isoCode":"eng"},"tags":[{"id":25382,"name":"CDC Features","language":"English","type":"Topic"},{"id":34511,"name":"Featured Health Articles","language":"English","type":"ContentGroup"}],"sourceUrl":"http://www.cdc.gov/features/evaluaction/","syndicateUrl":"https://oadc-dmb-dev-service.cdc.gov/api/v2/resources/media/343964/syndicate.json","datePublished":"2015-08-10T08:00:00Z","dateModified":"2015-09-18T20:16:23Z","enclosures":[{"id":1156,"resourceUrl":"http://www.cdc.gov/features/evaluaction/evaluaction_456px.jpg","contentType":"image/jpeg","size":48526}]},{"id":343966,"name":"Preteen Vaccines","description":"Vaccines for preteens and teens can help protect them from flu, pertussis, meningococcal meningitis, and cancer caused by HPV. ","mediaType":"Feed Item","language":{"name":"English","isoCode":"eng"},"tags":[{"id":25382,"name":"CDC Features","language":"English","type":"Topic"},{"id":34511,"name":"Featured Health Articles","language":"English","type":"ContentGroup"}],"sourceUrl":"http://www.cdc.gov/Features/PreteenVaccines/","syndicateUrl":"https://oadc-dmb-dev-service.cdc.gov/api/v2/resources/media/343966/syndicate.json","datePublished":"2015-08-05T13:00:00Z","dateModified":"2015-09-18T20:16:30Z","enclosures":[{"id":1158,"resourceUrl":"http://www.cdc.gov/Features/PreteenVaccines/PreteenVaccines_456px.jpg","contentType":"image/jpeg","size":33183}]},{"id":343967,"name":"Prevent Shingles ","description":"Get the Shingles Vaccine","mediaType":"Feed Item","language":{"name":"English","isoCode":"eng"},"tags":[{"id":25382,"name":"CDC Features","language":"English","type":"Topic"},{"id":34511,"name":"Featured Health Articles","language":"English","type":"ContentGroup"}],"sourceUrl":"http://www.cdc.gov/features/Shingles/index.html","syndicateUrl":"https://oadc-dmb-dev-service.cdc.gov/api/v2/resources/media/343967/syndicate.json","datePublished":"2015-08-05T12:30:00Z","dateModified":"2015-09-18T20:16:34Z","enclosures":[{"id":1159,"resourceUrl":"http://www.cdc.gov/features/Shingles/Shingles_456px.jpg","contentType":"image/jpeg","size":128244}]},{"id":343968,"name":"Healthy Lunches","description":"One way to reduce the amount of sodium in your child’s lunchbox is to stick to lower-sodium options.\n","mediaType":"Feed Item","language":{"name":"English","isoCode":"eng"},"tags":[{"id":25382,"name":"CDC Features","language":"English","type":"Topic"},{"id":34511,"name":"Featured Health Articles","language":"English","type":"ContentGroup"}],"sourceUrl":"http://www.cdc.gov/features/childrens-diet-sodium/","syndicateUrl":"https://oadc-dmb-dev-service.cdc.gov/api/v2/resources/media/343968/syndicate.json","datePublished":"2015-08-05T10:45:00Z","dateModified":"2015-09-18T20:16:37Z","enclosures":[{"id":1160,"resourceUrl":"http://www.cdc.gov/features/childrens-diet-sodium/childrens-diet-sodium_456px.jpg","contentType":"image/jpeg","size":48526}]},{"id":343969,"name":"Cancer Research","description":"Learn about CDC's latest research to find better ways to prevent cancer.","mediaType":"Feed Item","language":{"name":"English","isoCode":"eng"},"tags":[{"id":25382,"name":"CDC Features","language":"English","type":"Topic"},{"id":34511,"name":"Featured Health Articles","language":"English","type":"ContentGroup"}],"sourceUrl":"http://www.cdc.gov/features/cancerresearch/index.html","syndicateUrl":"https://oadc-dmb-dev-service.cdc.gov/api/v2/resources/media/343969/syndicate.json","datePublished":"2015-08-03T10:00:00Z","dateModified":"2015-09-18T20:16:41Z","enclosures":[{"id":1161,"resourceUrl":"http://www.cdc.gov/features/cancerresearch/cancerresearch_456px.jpg","contentType":"image/jpeg","size":35882}]},{"id":343970,"name":"Wildfire Readiness","description":"Stay alert and take action to protect yourself and your family from wildfires.","mediaType":"Feed Item","language":{"name":"English","isoCode":"eng"},"tags":[{"id":25382,"name":"CDC Features","language":"English","type":"Topic"},{"id":34511,"name":"Featured Health Articles","language":"English","type":"ContentGroup"}],"sourceUrl":"http://www.cdc.gov/features/wildfires/index.html","syndicateUrl":"https://oadc-dmb-dev-service.cdc.gov/api/v2/resources/media/343970/syndicate.json","datePublished":"2015-08-03T08:30:00Z","dateModified":"2015-09-18T20:16:45Z","enclosures":[{"id":1162,"resourceUrl":"http://www.cdc.gov/features/Wildfires/Wildfires_456px.jpg","contentType":"image/jpeg","size":36358}]},{"id":343971,"name":"Keep Kids Safe This Summer","description":"Help your kids stay safe and healthy while they enjoy summer fun! ","mediaType":"Feed Item","language":{"name":"English","isoCode":"eng"},"tags":[{"id":25382,"name":"CDC Features","language":"English","type":"Topic"},{"id":34511,"name":"Featured Health Articles","language":"English","type":"ContentGroup"}],"sourceUrl":"http://www.cdc.gov/features/KidsSafety/index.html","syndicateUrl":"https://oadc-dmb-dev-service.cdc.gov/api/v2/resources/media/343971/syndicate.json","datePublished":"2015-07-30T14:15:00Z","dateModified":"2015-09-18T20:16:49Z","enclosures":[{"id":1163,"resourceUrl":"http://www.cdc.gov/features/kidssafety/kidsafety_456px.jpg","contentType":"image/jpeg","size":125262}]},{"id":343972,"name":"Home Canning and Botulism","description":"Home canning is an excellent way to preserve garden produce and share it with family and friends, but it can be risky or even deadly if not done correctly and safely.","mediaType":"Feed Item","language":{"name":"English","isoCode":"eng"},"tags":[{"id":25382,"name":"CDC Features","language":"English","type":"Topic"},{"id":34511,"name":"Featured Health Articles","language":"English","type":"ContentGroup"}],"sourceUrl":"http://www.cdc.gov/features/homecanning/index.html","syndicateUrl":"https://oadc-dmb-dev-service.cdc.gov/api/v2/resources/media/343972/syndicate.json","datePublished":"2015-07-30T13:00:00Z","dateModified":"2015-09-18T20:16:52Z","enclosures":[{"id":1164,"resourceUrl":"http://www.cdc.gov/features/homecanning/homecanning_456px.jpg","contentType":"image/jpeg","size":26750}]},{"id":343973,"name":"2016 Yellow Book Available","description":"Get the latest health recommendations for international travel.","mediaType":"Feed Item","language":{"name":"English","isoCode":"eng"},"tags":[{"id":25382,"name":"CDC Features","language":"English","type":"Topic"},{"id":34511,"name":"Featured Health Articles","language":"English","type":"ContentGroup"}],"sourceUrl":"http://www.cdc.gov/features/yellowbook/index.html","syndicateUrl":"https://oadc-dmb-dev-service.cdc.gov/api/v2/resources/media/343973/syndicate.json","datePublished":"2015-07-29T14:30:00Z","dateModified":"2015-09-18T20:16:56Z","enclosures":[{"id":1165,"resourceUrl":"http://www.cdc.gov/features/yellowbook/yellowbook_456px.jpg","contentType":"image/jpeg","size":188214}]},{"id":343974,"name":"A Polio-Free U.S.","description":"The U.S. is polio-free, but polio is still a threat in some countries. ","mediaType":"Feed Item","language":{"name":"English","isoCode":"eng"},"tags":[{"id":25382,"name":"CDC Features","language":"English","type":"Topic"},{"id":34511,"name":"Featured Health Articles","language":"English","type":"ContentGroup"}],"sourceUrl":"http://www.cdc.gov/features/PolioFacts/index.html","syndicateUrl":"https://oadc-dmb-dev-service.cdc.gov/api/v2/resources/media/343974/syndicate.json","datePublished":"2015-07-27T16:30:00Z","dateModified":"2015-09-18T20:17:00Z","enclosures":[{"id":1166,"resourceUrl":"http://www.cdc.gov/features/poliofacts/poliofactss_456px.jpg","contentType":"image/jpeg","size":36991}]},{"id":343975,"name":"School Vaccines","description":"Get Your Child Vaccinated","mediaType":"Feed Item","language":{"name":"English","isoCode":"eng"},"tags":[{"id":25382,"name":"CDC Features","language":"English","type":"Topic"},{"id":34511,"name":"Featured Health Articles","language":"English","type":"ContentGroup"}],"sourceUrl":"http://www.cdc.gov/features/catchupimmunizations/","syndicateUrl":"https://oadc-dmb-dev-service.cdc.gov/api/v2/resources/media/343975/syndicate.json","datePublished":"2015-07-27T08:30:00Z","dateModified":"2015-09-18T20:17:04Z","enclosures":[{"id":1167,"resourceUrl":"http://www.cdc.gov/features/catchupimmunizations/catchupimmunizations_456px.jpg","contentType":"image/jpeg","size":37494}]},{"id":343976,"name":"Drought and Health","description":"Learn how drought conditions can affect your health. ","mediaType":"Feed Item","language":{"name":"English","isoCode":"eng"},"tags":[{"id":25382,"name":"CDC Features","language":"English","type":"Topic"},{"id":34511,"name":"Featured Health Articles","language":"English","type":"ContentGroup"}],"sourceUrl":"http://www.cdc.gov/features/drought/index.html","syndicateUrl":"https://oadc-dmb-dev-service.cdc.gov/api/v2/resources/media/343976/syndicate.json","datePublished":"2015-07-27T08:00:00Z","dateModified":"2015-09-18T20:17:08Z","enclosures":[{"id":1168,"resourceUrl":"http://www.cdc.gov/features/drought/drought_456px.jpg","contentType":"image/jpeg","size":15623}]},{"id":343977,"name":"Girlfriends' Health","description":"Help your friends stay healthy and safe. ","mediaType":"Feed Item","language":{"name":"English","isoCode":"eng"},"tags":[{"id":25382,"name":"CDC Features","language":"English","type":"Topic"},{"id":34511,"name":"Featured Health Articles","language":"English","type":"ContentGroup"}],"sourceUrl":"http://www.cdc.gov/Features/GirlfriendsHealth/","syndicateUrl":"https://oadc-dmb-dev-service.cdc.gov/api/v2/resources/media/343977/syndicate.json","datePublished":"2015-07-27T07:45:00Z","dateModified":"2015-09-18T20:17:12Z","enclosures":[{"id":1169,"resourceUrl":"http://www.cdc.gov/Features/GirlfriendsHealth/GirlfriendsHealth_456px.jpg","contentType":"image/jpeg","size":32994}]},{"id":343978,"name":"World Hepatitis Day","description":"Learn how vaccinations are making a difference in helping prevent Hepatitis B","mediaType":"Feed Item","language":{"name":"English","isoCode":"eng"},"tags":[{"id":25382,"name":"CDC Features","language":"English","type":"Topic"},{"id":34511,"name":"Featured Health Articles","language":"English","type":"ContentGroup"}],"sourceUrl":"http://www.cdc.gov/Features/WorldHepatitisDay/","syndicateUrl":"https://oadc-dmb-dev-service.cdc.gov/api/v2/resources/media/343978/syndicate.json","datePublished":"2015-07-24T11:30:00Z","dateModified":"2015-09-18T20:17:16Z","enclosures":[{"id":1170,"resourceUrl":"http://www.cdc.gov/Features/WorldHepatitisDay/WorldHepatitisDay_456px.gif","contentType":"image/gif","size":19200}]},{"id":343979,"name":"Prevent Group B Strep","description":"Talk with your doctor about a GBS test when you are 35-37 weeks pregnant.","mediaType":"Feed Item","language":{"name":"English","isoCode":"eng"},"tags":[{"id":25382,"name":"CDC Features","language":"English","type":"Topic"},{"id":34511,"name":"Featured Health Articles","language":"English","type":"ContentGroup"}],"sourceUrl":"http://www.cdc.gov/features/groupbstrep/","syndicateUrl":"https://oadc-dmb-dev-service.cdc.gov/api/v2/resources/media/343979/syndicate.json","datePublished":"2015-07-23T15:30:00Z","dateModified":"2015-09-18T20:17:20Z","enclosures":[{"id":1171,"resourceUrl":"http://www.cdc.gov/Features/groupbstrep/groupbstrep_456px.jpg","contentType":"image/jpeg","size":88713}]},{"id":343980,"name":"25th ADA Anniversary","description":"July 26th marks the 25th anniversary of the landmark Americans with Disabilities Act (ADA), a civil rights law that strengthens the inclusion of people with disabilities at work, school, or other community settings.","mediaType":"Feed Item","language":{"name":"English","isoCode":"eng"},"tags":[{"id":25382,"name":"CDC Features","language":"English","type":"Topic"},{"id":34511,"name":"Featured Health Articles","language":"English","type":"ContentGroup"}],"sourceUrl":"http://www.cdc.gov/features/ada-anniversary/","syndicateUrl":"https://oadc-dmb-dev-service.cdc.gov/api/v2/resources/media/343980/syndicate.json","datePublished":"2015-07-20T10:00:00Z","dateModified":"2015-09-18T20:17:24Z","enclosures":[{"id":1172,"resourceUrl":"http://www.cdc.gov/features/ada-anniversary/ada-anniversary_456px.jpg","contentType":"image/jpeg","size":75989}]},{"id":343981,"name":"Fragile X: Ruth's Story","description":"Read one family’s story of living with fragile x syndrome and find out what CDC is doing about this condition.","mediaType":"Feed Item","language":{"name":"English","isoCode":"eng"},"tags":[{"id":25382,"name":"CDC Features","language":"English","type":"Topic"},{"id":34511,"name":"Featured Health Articles","language":"English","type":"ContentGroup"}],"sourceUrl":"http://www.cdc.gov/features/fragile-x-ruth-story/","syndicateUrl":"https://oadc-dmb-dev-service.cdc.gov/api/v2/resources/media/343981/syndicate.json","datePublished":"2015-07-20T09:00:00Z","dateModified":"2015-09-18T20:17:28Z","enclosures":[{"id":1173,"resourceUrl":"http://www.cdc.gov/features/fragile-x-ruth-story/fragile-x-ruth-story_456px.jpg","contentType":"image/jpeg","size":75989}]},{"id":343982,"name":"Tracking Extreme Heat","description":"Stay cool and hydrated to protect yourself from extreme heat.","mediaType":"Feed Item","language":{"name":"English","isoCode":"eng"},"tags":[{"id":25382,"name":"CDC Features","language":"English","type":"Topic"},{"id":34511,"name":"Featured Health Articles","language":"English","type":"ContentGroup"}],"sourceUrl":"http://www.cdc.gov/Features/trackingheat/","syndicateUrl":"https://oadc-dmb-dev-service.cdc.gov/api/v2/resources/media/343982/syndicate.json","datePublished":"2015-07-20T08:45:00Z","dateModified":"2015-09-18T20:17:32Z","enclosures":[{"id":1174,"resourceUrl":"http://www.cdc.gov/features/trackingheat/trackingheat_456px.jpg","contentType":"image/jpeg","size":17292}]}]}