{"meta":{"status":200,"message":[],"resultSet":{"id":"6d221fc2-da6c-4149-830f-60854e3cd07e"},"pagination":{"total":50,"count":50,"max":100,"offset":0,"pageNum":1,"totalPages":1,"sort":"-datepublished,mediaid","previousUrl":"","currentUrl":"https://oadc-dmb-dev-service.cdc.gov/api/v2/resources/media.json?contentgroup=vital signs&fields=id,name,description,mediatype,tags,sourceurl,syndicateurl,datepublished,datemodified,enclosures,language&max=100&pagenum=1","nextUrl":""}},"results":[{"id":344979,"name":"Heart Age","description":"Is Your Heart Older Than You? One way to understand your risk for a heart attack or stroke is to learn your \"heart age.\" Heart age is the age of your heart and blood vessels as a result of your risk factors for heart attack and stroke. \n","mediaType":"Feed Item","language":{"name":"English","isoCode":"eng"},"tags":[{"id":25715,"name":"Health and Wellness","language":"English","type":"Topic"},{"id":26290,"name":"Vital Signs","language":"English","type":"ContentGroup"}],"sourceUrl":"http://www.cdc.gov/vitalsigns/heartage/index.html","syndicateUrl":"https://oadc-dmb-dev-service.cdc.gov/api/v2/resources/media/344979/syndicate.json","datePublished":"2015-09-01T13:00:00Z","dateModified":"2015-09-21T15:47:13Z","enclosures":[{"id":1729,"resourceUrl":"http://www.cdc.gov/mobile/Applications/CDCGeneral/VitalSignsThumbnails/2015-09.jpg","contentType":"image/jpeg","size":201358}]},{"id":344980,"name":"Making Health Care Safer","description":"Antibiotic-resistant germs cause more than 2 million illnesses and at least 23,000 deaths. Up to 70% fewer patients will get CRE over 5 years if facilities coordinate to protect patients. Preventing infections and improving antibiotic prescribing could save 37,000 lives from drug-resistant infections over 5 years. ","mediaType":"Feed Item","language":{"name":"English","isoCode":"eng"},"tags":[{"id":25715,"name":"Health and Wellness","language":"English","type":"Topic"},{"id":26290,"name":"Vital Signs","language":"English","type":"ContentGroup"}],"sourceUrl":"http://www.cdc.gov/vitalsigns/stop-spread/index.html","syndicateUrl":"https://oadc-dmb-dev-service.cdc.gov/api/v2/resources/media/344980/syndicate.json","datePublished":"2015-08-04T15:30:00Z","dateModified":"2015-09-21T15:47:15Z","enclosures":[{"id":1730,"resourceUrl":"http://www.cdc.gov/mobile/Applications/CDCGeneral/VitalSignsThumbnails/2015-08.jpg","contentType":"image/jpeg","size":25363}]},{"id":344981,"name":"Today’s Heroin Epidemic","description":"Heroin use more than doubled among young adults ages 18–25 in the past decade. More than 9 in 10 people who used heroin also used at least one other drug. 45% of people who used heroin were also addicted to prescription opioid painkillers.\n","mediaType":"Feed Item","language":{"name":"English","isoCode":"eng"},"tags":[{"id":25715,"name":"Health and Wellness","language":"English","type":"Topic"},{"id":26290,"name":"Vital Signs","language":"English","type":"ContentGroup"}],"sourceUrl":"http://www.cdc.gov/vitalsigns/heroin/index.html","syndicateUrl":"https://oadc-dmb-dev-service.cdc.gov/api/v2/resources/media/344981/syndicate.json","datePublished":"2015-07-07T13:00:00Z","dateModified":"2015-09-21T15:47:17Z","enclosures":[{"id":1731,"resourceUrl":"http://www.cdc.gov/mobile/Applications/CDCGeneral/VitalSignsThumbnails/2015-07.jpg","contentType":"image/jpeg","size":26478}]},{"id":344982,"name":"Preventing Melanoma","description":"Preventing Melanoma Communities play a vital role Skin cancer is the most common form of cancer in the US. In 2011, there were more than 65,000 cases of melanoma, the most deadly form of skin cancer. Melanoma can spread to other parts of the body and causes over 9,000 deaths every year. ","mediaType":"Feed Item","language":{"name":"English","isoCode":"eng"},"tags":[{"id":25715,"name":"Health and Wellness","language":"English","type":"Topic"},{"id":26290,"name":"Vital Signs","language":"English","type":"ContentGroup"}],"sourceUrl":"http://www.cdc.gov/vitalsigns/melanoma/index.html","syndicateUrl":"https://oadc-dmb-dev-service.cdc.gov/api/v2/resources/media/344982/syndicate.json","datePublished":"2015-06-02T13:00:00Z","dateModified":"2015-09-21T15:47:20Z","enclosures":[{"id":1732,"resourceUrl":"http://www.cdc.gov/mobile/Applications/CDCGeneral/VitalSignsThumbnails/2015-06.jpg","contentType":"image/jpeg","size":23517}]},{"id":344983,"name":"Hispanic Health","description":"Hispanics or Latinos are the largest racial/ethnic minority population in the US. Heart disease and cancer in Hispanics are the two leading causes of death, accounting for about 2 of 5 deaths, which is about the same for whites. ","mediaType":"Feed Item","language":{"name":"English","isoCode":"eng"},"tags":[{"id":25715,"name":"Health and Wellness","language":"English","type":"Topic"},{"id":26290,"name":"Vital Signs","language":"English","type":"ContentGroup"}],"sourceUrl":"http://www.cdc.gov/vitalsigns/hispanic-health/index.html","syndicateUrl":"https://oadc-dmb-dev-service.cdc.gov/api/v2/resources/media/344983/syndicate.json","datePublished":"2015-05-05T13:00:00Z","dateModified":"2015-09-21T15:47:22Z","enclosures":[{"id":1733,"resourceUrl":"http://www.cdc.gov/mobile/Applications/CDCGeneral/VitalSignsThumbnails/2015-05.jpg","contentType":"image/jpeg","size":20843}]},{"id":344984,"name":"Preventing Teen Pregnancy","description":"Teen childbearing can carry health, economic, and social costs for mothers and their children. Teen births in the US have declined, but still more than 273,000 infants were born to teens ages 15 to 19 in 2013. The good news is that more teens are waiting to have sex, and for sexually active teens, nearly 90% used birth control the last time they had sex.","mediaType":"Feed Item","language":{"name":"English","isoCode":"eng"},"tags":[{"id":25715,"name":"Health and Wellness","language":"English","type":"Topic"},{"id":26290,"name":"Vital Signs","language":"English","type":"ContentGroup"}],"sourceUrl":"http://www.cdc.gov/vitalsigns/larc/index.html","syndicateUrl":"https://oadc-dmb-dev-service.cdc.gov/api/v2/resources/media/344984/syndicate.json","datePublished":"2015-04-07T13:00:00Z","dateModified":"2015-09-21T15:47:24Z","enclosures":[{"id":1734,"resourceUrl":"http://www.cdc.gov/mobile/Applications/CDCGeneral/VitalSignsThumbnails/2015_03.jpg","contentType":"image/jpeg","size":30276}]},{"id":344985,"name":"Trucker Safety","description":"Trucker safety requires an alert, buckled-up, experienced driver, with a reliable vehicle and strong employer safety programs. About 2.6 million workers drive trucks that weigh over 10,000 pounds (large trucks). About 65% of on-the-job deaths of US truck drivers in 2012 were the result of a motor vehicle crash.","mediaType":"Feed Item","language":{"name":"English","isoCode":"eng"},"tags":[{"id":25715,"name":"Health and Wellness","language":"English","type":"Topic"},{"id":26290,"name":"Vital Signs","language":"English","type":"ContentGroup"}],"sourceUrl":"http://www.cdc.gov/vitalsigns/truck-safety/index.html","syndicateUrl":"https://oadc-dmb-dev-service.cdc.gov/api/v2/resources/media/344985/syndicate.json","datePublished":"2015-03-03T13:00:00Z","dateModified":"2015-09-21T15:47:26Z","enclosures":[{"id":1735,"resourceUrl":"http://www.cdc.gov/mobile/Applications/CDCGeneral/VitalSignsThumbnails/2015_03.jpg","contentType":"image/jpeg","size":30276}]},{"id":344986,"name":"Secondhand Smoke","description":"No level of secondhand smoke (SHS) exposure is safe. SHS exposure occurs when nonsmokers breathe in smoke exhaled by smokers or from burning tobacco products. It kills more than 400 infants and 41,000 adult nonsmokers* every year. Exposure to SHS among US nonsmokers has declined, but progress has not been the same for everyone. SHS exposure is more common among children ages 3 to 11 years, blacks, people living below the poverty level, and those who rent housing.\n","mediaType":"Feed Item","language":{"name":"English","isoCode":"eng"},"tags":[{"id":25715,"name":"Health and Wellness","language":"English","type":"Topic"},{"id":26290,"name":"Vital Signs","language":"English","type":"ContentGroup"}],"sourceUrl":"http://www.cdc.gov/vitalsigns/tobacco/index.html","syndicateUrl":"https://oadc-dmb-dev-service.cdc.gov/api/v2/resources/media/344986/syndicate.json","datePublished":"2015-02-03T13:00:00Z","dateModified":"2015-09-21T15:47:28Z","enclosures":[{"id":1736,"resourceUrl":"http://www.cdc.gov/mobile/Applications/CDCGeneral/VitalSignsThumbnails/2015_02.jpg","contentType":"image/jpeg","size":26248}]},{"id":344987,"name":"Alcohol Poisoning Deaths","description":"On average, 6 people died every day from alcohol poisoning in the US from 2010 to 2012. Alcohol poisoning is caused by drinking large quantities of alcohol in a short period of time. Very high levels of alcohol in the body can shutdown critical areas of the brain that control breathing, heart rate, and body temperature, resulting in death.","mediaType":"Feed Item","language":{"name":"English","isoCode":"eng"},"tags":[{"id":25715,"name":"Health and Wellness","language":"English","type":"Topic"},{"id":26290,"name":"Vital Signs","language":"English","type":"ContentGroup"}],"sourceUrl":"http://www.cdc.gov/vitalsigns/alcohol-poisoning-deaths/index.html","syndicateUrl":"https://oadc-dmb-dev-service.cdc.gov/api/v2/resources/media/344987/syndicate.json","datePublished":"2015-01-06T13:00:00Z","dateModified":"2015-09-21T15:47:30Z","enclosures":[{"id":1737,"resourceUrl":"http://www.cdc.gov/mobile/Applications/CDCGeneral/VitalSignsThumbnails/2015_01.jpg","contentType":"image/jpeg","size":21468}]},{"id":344988,"name":"HIV Care Saves Lives","description":"Viral suppression is key for people living with HIV. Viral suppression means having very low levels of HIV in the body, even though the virus is still there. Achieving viral suppression by taking HIV medicines allows people living with HIV to have nearly normal lifespans and greatly reduces their chances of transmitting the virus.\n","mediaType":"Feed Item","language":{"name":"English","isoCode":"eng"},"tags":[{"id":25715,"name":"Health and Wellness","language":"English","type":"Topic"},{"id":26290,"name":"Vital Signs","language":"English","type":"ContentGroup"}],"sourceUrl":"http://www.cdc.gov/vitalsigns/hiv-aids-medical-care/index.html","syndicateUrl":"https://oadc-dmb-dev-service.cdc.gov/api/v2/resources/media/344988/syndicate.json","datePublished":"2014-11-25T13:00:00Z","dateModified":"2015-09-21T15:47:32Z","enclosures":[{"id":1738,"resourceUrl":"http://www.cdc.gov/mobile/Applications/CDCGeneral/VitalSignsThumbnails/2014-12.jpg","contentType":"image/jpeg","size":27943}]},{"id":344989,"name":"Cervical Cancer is Preventable","description":"More than 12,000 women get cervical cancer every year. Up to 93% of cervical cancers are preventable. Human papillomavirus (HPV) vaccination helps prevent infection with the HPV types that cause most cervical cancers.","mediaType":"Feed Item","language":{"name":"English","isoCode":"eng"},"tags":[{"id":25715,"name":"Health and Wellness","language":"English","type":"Topic"},{"id":26290,"name":"Vital Signs","language":"English","type":"ContentGroup"}],"sourceUrl":"http://www.cdc.gov/vitalsigns/cervical-cancer/index.html","syndicateUrl":"https://oadc-dmb-dev-service.cdc.gov/api/v2/resources/media/344989/syndicate.json","datePublished":"2014-11-05T13:00:00Z","dateModified":"2015-09-21T15:47:34Z","enclosures":[{"id":1739,"resourceUrl":"http://www.cdc.gov/mobile/Applications/CDCGeneral/VitalSignsThumbnails/2014-11.jpg","contentType":"image/jpeg","size":18569}]},{"id":344990,"name":"Motor Vehicle Crash Injuries","description":"CDC Vital Signs links science, policy, and communications with the intent of communicating a call-to-action for the public. CDC Vital Signs provides the most recent, comprehensive data on key indicators of important health topics.","mediaType":"Feed Item","language":{"name":"English","isoCode":"eng"},"tags":[{"id":25715,"name":"Health and Wellness","language":"English","type":"Topic"},{"id":26290,"name":"Vital Signs","language":"English","type":"ContentGroup"}],"sourceUrl":"http://www.cdc.gov/vitalsigns/crash-injuries/index.html","syndicateUrl":"https://oadc-dmb-dev-service.cdc.gov/api/v2/resources/media/344990/syndicate.json","datePublished":"2014-10-08T13:00:00Z","dateModified":"2015-09-21T15:47:36Z","enclosures":[{"id":1740,"resourceUrl":"http://www.cdc.gov/mobile/Applications/CDCGeneral/VitalSignsThumbnails/2014-10_2.jpg","contentType":"image/jpeg","size":28544}]},{"id":344991,"name":"Reducing Sodium in Children’s Diets","description":"CDC Vital Signs links science, policy, and communications with the intent of communicating a call-to-action for the public. CDC Vital Signs provides the most recent, comprehensive data on key indicators of important health topics.","mediaType":"Feed Item","language":{"name":"English","isoCode":"eng"},"tags":[{"id":25715,"name":"Health and Wellness","language":"English","type":"Topic"},{"id":26290,"name":"Vital Signs","language":"English","type":"ContentGroup"}],"sourceUrl":"http://www.cdc.gov/vitalsigns/children-sodium/index.html","syndicateUrl":"https://oadc-dmb-dev-service.cdc.gov/api/v2/resources/media/344991/syndicate.json","datePublished":"2014-09-09T13:00:00Z","dateModified":"2015-09-21T15:47:39Z","enclosures":[{"id":1741,"resourceUrl":"http://www.cdc.gov/mobile/Applications/CDCGeneral/VitalSignsThumbnails/2014-09.jpg","contentType":"image/jpeg","size":25619}]},{"id":344992,"name":"Children eating more fruit not more vegetables ","description":"CDC Vital Signs links science, policy, and communications with the intent of communicating a call-to-action for the public. CDC Vital Signs provides the most recent, comprehensive data on key indicators of important health topics.","mediaType":"Feed Item","language":{"name":"English","isoCode":"eng"},"tags":[{"id":25715,"name":"Health and Wellness","language":"English","type":"Topic"},{"id":26290,"name":"Vital Signs","language":"English","type":"ContentGroup"}],"sourceUrl":"http://www.cdc.gov/vitalsigns/fruit-vegetables/index.html","syndicateUrl":"https://oadc-dmb-dev-service.cdc.gov/api/v2/resources/media/344992/syndicate.json","datePublished":"2014-08-12T13:00:00Z","dateModified":"2015-09-21T15:47:41Z","enclosures":[{"id":1742,"resourceUrl":"http://www.cdc.gov/mobile/Applications/CDCGeneral/VitalSignsThumbnails/2014-08.jpg","contentType":"image/jpeg","size":23360}]},{"id":344993,"name":"Opioid Painkiller Prescribing","description":"CDC Vital Signs links science, policy, and communications with the intent of communicating a call-to-action for the public. CDC Vital Signs provides the most recent, comprehensive data on key indicators of important health topics.","mediaType":"Feed Item","language":{"name":"English","isoCode":"eng"},"tags":[{"id":25715,"name":"Health and Wellness","language":"English","type":"Topic"},{"id":26290,"name":"Vital Signs","language":"English","type":"ContentGroup"}],"sourceUrl":"http://www.cdc.gov/vitalsigns/opioid-prescribing/index.html","syndicateUrl":"https://oadc-dmb-dev-service.cdc.gov/api/v2/resources/media/344993/syndicate.json","datePublished":"2014-07-01T13:00:00Z","dateModified":"2015-09-21T15:47:43Z","enclosures":[{"id":1743,"resourceUrl":"http://www.cdc.gov/mobile/Applications/CDCGeneral/VitalSignsThumbnails/2014-07.jpg","contentType":"image/jpeg","size":27340}]},{"id":344994,"name":"Preventing Norovirus Outbreaks","description":"CDC Vital Signs links science, policy, and communications with the intent of communicating a call-to-action for the public. CDC Vital Signs provides the most recent, comprehensive data on key indicators of important health topics.","mediaType":"Feed Item","language":{"name":"English","isoCode":"eng"},"tags":[{"id":25715,"name":"Health and Wellness","language":"English","type":"Topic"},{"id":26290,"name":"Vital Signs","language":"English","type":"ContentGroup"}],"sourceUrl":"http://www.cdc.gov/vitalsigns/norovirus/index.html","syndicateUrl":"https://oadc-dmb-dev-service.cdc.gov/api/v2/resources/media/344994/syndicate.json","datePublished":"2014-06-03T13:00:00Z","dateModified":"2015-09-21T15:47:45Z","enclosures":[{"id":1744,"resourceUrl":"http://www.cdc.gov/mobile/Applications/CDCGeneral/VitalSignsThumbnails/2014-06.jpg","contentType":"image/jpeg","size":28980}]},{"id":344995,"name":"Adults with Disabilities","description":"CDC Vital Signs links science, policy, and communications with the intent of communicating a call-to-action for the public. CDC Vital Signs provides the most recent, comprehensive data on key indicators of important health topics.","mediaType":"Feed Item","language":{"name":"English","isoCode":"eng"},"tags":[{"id":25715,"name":"Health and Wellness","language":"English","type":"Topic"},{"id":26290,"name":"Vital Signs","language":"English","type":"ContentGroup"}],"sourceUrl":"http://www.cdc.gov/vitalsigns/disabilities/index.html","syndicateUrl":"https://oadc-dmb-dev-service.cdc.gov/api/v2/resources/media/344995/syndicate.json","datePublished":"2014-05-06T13:00:00Z","dateModified":"2015-09-21T15:47:48Z","enclosures":[{"id":1745,"resourceUrl":"http://www.cdc.gov/mobile/Applications/CDCGeneral/VitalSignsThumbnails/2014-05.jpg","contentType":"image/jpeg","size":28941}]},{"id":344996,"name":"Preventing Pregnancies in Younger Teens","description":"CDC Vital Signs links science, policy, and communications with the intent of communicating a call-to-action for the public. CDC Vital Signs provides the most recent, comprehensive data on key indicators of important health topics.","mediaType":"Feed Item","language":{"name":"English","isoCode":"eng"},"tags":[{"id":25715,"name":"Health and Wellness","language":"English","type":"Topic"},{"id":26290,"name":"Vital Signs","language":"English","type":"ContentGroup"}],"sourceUrl":"http://www.cdc.gov/vitalsigns/young-teen-pregnancy/","syndicateUrl":"https://oadc-dmb-dev-service.cdc.gov/api/v2/resources/media/344996/syndicate.json","datePublished":"2014-04-08T13:00:00Z","dateModified":"2015-09-21T15:47:50Z","enclosures":[{"id":1746,"resourceUrl":"http://www.cdc.gov/mobile/Applications/CDCGeneral/VitalSignsThumbnails/2014-03.jpg","contentType":"image/jpeg","size":21721}]},{"id":344997,"name":"Making Health Care - Antibiotic Rx in Hospitals","description":"CDC Vital Signs links science, policy, and communications with the intent of communicating a call-to-action for the public. CDC Vital Signs provides the most recent, comprehensive data on key indicators of important health topics.","mediaType":"Feed Item","language":{"name":"English","isoCode":"eng"},"tags":[{"id":25715,"name":"Health and Wellness","language":"English","type":"Topic"},{"id":26290,"name":"Vital Signs","language":"English","type":"ContentGroup"}],"sourceUrl":"http://www.cdc.gov/vitalsigns/antibiotic-prescribing-practices/","syndicateUrl":"https://oadc-dmb-dev-service.cdc.gov/api/v2/resources/media/344997/syndicate.json","datePublished":"2014-03-04T13:00:00Z","dateModified":"2015-09-21T15:47:52Z","enclosures":[{"id":1747,"resourceUrl":"http://www.cdc.gov/mobile/Applications/CDCGeneral/VitalSignsThumbnails/2014-03.jpg","contentType":"image/jpeg","size":21721}]},{"id":344998,"name":"Child Passenger Safety","description":"CDC Vital Signs links science, policy, and communications with the intent of communicating a call-to-action for the public. CDC Vital Signs provides the most recent, comprehensive data on key indicators of important health topics.","mediaType":"Feed Item","language":{"name":"English","isoCode":"eng"},"tags":[{"id":25715,"name":"Health and Wellness","language":"English","type":"Topic"},{"id":26290,"name":"Vital Signs","language":"English","type":"ContentGroup"}],"sourceUrl":"http://www.cdc.gov/vitalsigns/ChildPassengerSafety/","syndicateUrl":"https://oadc-dmb-dev-service.cdc.gov/api/v2/resources/media/344998/syndicate.json","datePublished":"2014-02-04T13:00:00Z","dateModified":"2015-09-21T15:47:54Z","enclosures":[{"id":1748,"resourceUrl":"http://www.cdc.gov/mobile/Applications/CDCGeneral/VitalSignsThumbnails/2014-02.jpg","contentType":"image/jpeg","size":15527}]},{"id":344999,"name":"Alcohol Screening and Counseling infographic","description":"Alcohol Screening and Counseling. Alcohol screening and brief counseling, Alcohol screening and counseling, Alcohol screening and brief intervention, ASBI, Electronic screening and brief intervention, eSBI, Excessive drinking, Risky drinking, Binge drinking.","mediaType":"Feed Item","language":{"name":"English","isoCode":"eng"},"tags":[{"id":25715,"name":"Health and Wellness","language":"English","type":"Topic"},{"id":26290,"name":"Vital Signs","language":"English","type":"ContentGroup"}],"sourceUrl":"http://www.cdc.gov/vitalsigns/alcohol-screening-counseling/infographic.html","syndicateUrl":"https://oadc-dmb-dev-service.cdc.gov/api/v2/resources/media/344999/syndicate.json","datePublished":"2014-01-07T13:00:00Z","dateModified":"2015-09-21T15:47:56Z","enclosures":[{"id":1749,"resourceUrl":"http://www.cdc.gov/mobile/Applications/CDCGeneral/VitalSignsThumbnails/2014_01.jpg","contentType":"image/jpeg","size":23754}]},{"id":345000,"name":"Colorectal Cancer Tests Save Lives","description":"Colorectal cancer (CRC) is the second leading cancer killer of men and women in the US, following lung cancer. The US Preventive Services Task Force (USPSTF) recommends three CRC screening tests that are effective at saving lives: colonoscopy, stool tests (guaiac fecal occult blood test-FOBT or fecal immunochemical test-FIT), and sigmoidoscopy (now seldom done).","mediaType":"Feed Item","language":{"name":"English","isoCode":"eng"},"tags":[{"id":25715,"name":"Health and Wellness","language":"English","type":"Topic"},{"id":26290,"name":"Vital Signs","language":"English","type":"ContentGroup"}],"sourceUrl":"http://www.cdc.gov/vitalsigns/colorectalcancerscreening/index.html","syndicateUrl":"https://oadc-dmb-dev-service.cdc.gov/api/v2/resources/media/345000/syndicate.json","datePublished":"2013-11-05T13:00:00Z","dateModified":"2015-09-21T15:47:58Z","enclosures":[{"id":1750,"resourceUrl":"http://www.cdc.gov/mobile/Applications/CDCGeneral/VitalSignsThumbnails/2013-11.jpg","contentType":"image/jpeg","size":26829}]},{"id":345001,"name":"Preventable Deaths from Heart Disease & Stroke","description":"Nearly 1 in 3 deaths in the US each year is caused by heart disease and stroke. At least 200,000 of these deaths could have been prevented through: changes in health habits, such as stopping smoking, more physical activity, and less salt in the diet; community changes to create healthier living spaces, such as safe places to exercise and smoke-free areas; and managing high blood pressure, high cholesterol, and diabetes.","mediaType":"Feed Item","language":{"name":"English","isoCode":"eng"},"tags":[{"id":25715,"name":"Health and Wellness","language":"English","type":"Topic"},{"id":26290,"name":"Vital Signs","language":"English","type":"ContentGroup"}],"sourceUrl":"http://www.cdc.gov/vitalsigns/HeartDisease-Stroke/index.html","syndicateUrl":"https://oadc-dmb-dev-service.cdc.gov/api/v2/resources/media/345001/syndicate.json","datePublished":"2013-09-03T13:00:00Z","dateModified":"2015-09-21T15:48:01Z","enclosures":[{"id":1751,"resourceUrl":"http://www.cdc.gov/mobile/Applications/CDCGeneral/VitalSignsThumbnails/2013-09.jpg","contentType":"image/jpeg","size":11250}]},{"id":345002,"name":"Progress on Childhood Obesity","description":"Obese children are more likely to become obese adults and suffer lifelong physical and mental health problems. Obesity rates in low-income preschoolers, after decades of rising, began to level off from 2003 through 2008 and now are showing small declines in many states. ","mediaType":"Feed Item","language":{"name":"English","isoCode":"eng"},"tags":[{"id":25715,"name":"Health and Wellness","language":"English","type":"Topic"},{"id":26290,"name":"Vital Signs","language":"English","type":"ContentGroup"}],"sourceUrl":"http://www.cdc.gov/vitalsigns/ChildhoodObesity/index.html","syndicateUrl":"https://oadc-dmb-dev-service.cdc.gov/api/v2/resources/media/345002/syndicate.json","datePublished":"2013-08-06T12:00:00Z","dateModified":"2015-09-21T15:48:03Z","enclosures":[{"id":1752,"resourceUrl":"http://www.cdc.gov/mobile/Applications/CDCGeneral/VitalSignsThumbnails/2013-08.jpg","contentType":"image/jpeg","size":27759}]},{"id":345003,"name":"Prescription Painkiller Overdoses","description":"About 18 women die every day of a prescription painkiller overdose in the US, more than 6,600 deaths in 2010. Prescription painkiller overdoses are an under-recognized and growing problem for women.\n\nAlthough men are still more likely to die of prescription painkiller overdoses (more than 10,000 deaths in 2010), the gap between men and women is closing. Deaths from prescription painkiller overdose among women have risen more sharply than among men; since 1999 the percentage increase in deaths was more than 400% among women compared to 265% in men. This rise relates closely to increased prescribing of these drugs during the past decade. Health care providers can help improve the way painkillers are prescribed while making sure women have access to safe, effective pain treatment.","mediaType":"Feed Item","language":{"name":"English","isoCode":"eng"},"tags":[{"id":25715,"name":"Health and Wellness","language":"English","type":"Topic"},{"id":26290,"name":"Vital Signs","language":"English","type":"ContentGroup"}],"sourceUrl":"http://www.cdc.gov/vitalsigns/PrescriptionPainkillerOverdoses/index.html","syndicateUrl":"https://oadc-dmb-dev-service.cdc.gov/api/v2/resources/media/345003/syndicate.json","datePublished":"2013-07-02T12:00:00Z","dateModified":"2015-09-21T15:48:05Z","enclosures":[{"id":1753,"resourceUrl":"http://www.cdc.gov/mobile/Applications/CDCGeneral/VitalSignsThumbnails/2013-07.jpg","contentType":"image/jpeg","size":9173}]},{"id":345004,"name":"Recipe for Food Safety","description":"Many germs can be spread through food. Some, like Listeria, can be deadly. Listeria strikes hard at pregnant women and their newborns, older adults, and people with weakened immune systems. Listeria can cause miscarriage and meningitis. Most people found to have Listeria infection require hospital care and about 1 in 5 people with the infection die. Outbreak investigations tell us what foods make people sick and what needs to change to make food safer and save lives. We have made some progress against Listeria, which is the third leading cause of death from food poisoning. However, we can do more to protect people at higher risk for food poisoning and make food safer for everyone.","mediaType":"Feed Item","language":{"name":"English","isoCode":"eng"},"tags":[{"id":25715,"name":"Health and Wellness","language":"English","type":"Topic"},{"id":26290,"name":"Vital Signs","language":"English","type":"ContentGroup"}],"sourceUrl":"http://www.cdc.gov/vitalsigns/listeria/index.html","syndicateUrl":"https://oadc-dmb-dev-service.cdc.gov/api/v2/resources/media/345004/syndicate.json","datePublished":"2013-06-04T12:00:00Z","dateModified":"2015-09-21T15:48:07Z","enclosures":[{"id":1754,"resourceUrl":"http://www.cdc.gov/mobile/Applications/CDCGeneral/VitalSignsThumbnails/2013-06.jpg","contentType":"image/jpeg","size":15402}]},{"id":345005,"name":"Hepatitis C","description":"Hepatitis C is a serious virus infection that over time can cause liver damage and even liver cancer. Early treatment can prevent this damage. Too many people with hepatitis C do not know they are infected, so they don't get the medical care they need.","mediaType":"Feed Item","language":{"name":"English","isoCode":"eng"},"tags":[{"id":25715,"name":"Health and Wellness","language":"English","type":"Topic"},{"id":26290,"name":"Vital Signs","language":"English","type":"ContentGroup"}],"sourceUrl":"http://www.cdc.gov/vitalsigns/hepatitisc/index.html","syndicateUrl":"https://oadc-dmb-dev-service.cdc.gov/api/v2/resources/media/345005/syndicate.json","datePublished":"2013-05-07T13:30:00Z","dateModified":"2015-09-21T15:48:09Z","enclosures":[{"id":1755,"resourceUrl":"http://www.cdc.gov/mobile/Applications/CDCGeneral/VitalSignsThumbnails/2013-05.jpg","contentType":"image/jpeg","size":9451}]},{"id":345006,"name":"Preventing Repeat Teen Births","description":"Although teen birth rates have been falling for the last two decades, more than 365,000 teens, ages 15–19, gave birth in 2010. Teen pregnancy and childbearing can carry high health, emotional, social, and financial costs for both teen mothers and their children.","mediaType":"Feed Item","language":{"name":"English","isoCode":"eng"},"tags":[{"id":25715,"name":"Health and Wellness","language":"English","type":"Topic"},{"id":26290,"name":"Vital Signs","language":"English","type":"ContentGroup"}],"sourceUrl":"http://www.cdc.gov/vitalsigns/TeenPregnancy/index.html","syndicateUrl":"https://oadc-dmb-dev-service.cdc.gov/api/v2/resources/media/345006/syndicate.json","datePublished":"2013-04-02T12:00:00Z","dateModified":"2015-09-21T15:48:11Z","enclosures":[{"id":1756,"resourceUrl":"http://www.cdc.gov/mobile/Applications/CDCGeneral/VitalSignsThumbnails/2013-04.jpg","contentType":"image/jpeg","size":9099}]},{"id":345007,"name":"Making Health Care Safer","description":"Untreatable and hard-to-treat infections from CRE germs are on the rise among patients in medical facilities. CRE germs have become resistant to all or nearly all the antibiotics we have today. Types of CRE include KPC and NDM. By following CDC guidelines, we can halt CRE infections before they become widespread in hospitals and other medical facilities and potentially spread to otherwise healthy people outside of medical facilities.","mediaType":"Feed Item","language":{"name":"English","isoCode":"eng"},"tags":[{"id":25715,"name":"Health and Wellness","language":"English","type":"Topic"},{"id":26290,"name":"Vital Signs","language":"English","type":"ContentGroup"}],"sourceUrl":"http://www.cdc.gov/vitalsigns/HAI/CRE/index.html","syndicateUrl":"https://oadc-dmb-dev-service.cdc.gov/api/v2/resources/media/345007/syndicate.json","datePublished":"2013-03-05T13:30:00Z","dateModified":"2015-09-21T15:48:13Z","enclosures":[{"id":1757,"resourceUrl":"http://www.cdc.gov/mobile/Applications/CDCGeneral/VitalSignsThumbnails/2013-03.jpg","contentType":"image/jpeg","size":32660}]},{"id":345008,"name":"Adult Smoking","description":"Cigarette smoking is the leading preventable cause of disease, disability, and death in the US. Despite overall declines in smoking, more people with mental illness smoke than people without mental illness. Because many people with mental illness smoke, many of them will get sick and die early from smoking.","mediaType":"Feed Item","language":{"name":"English","isoCode":"eng"},"tags":[{"id":25715,"name":"Health and Wellness","language":"English","type":"Topic"},{"id":26290,"name":"Vital Signs","language":"English","type":"ContentGroup"}],"sourceUrl":"http://www.cdc.gov/vitalsigns/SmokingAndMentalIllness/index.html","syndicateUrl":"https://oadc-dmb-dev-service.cdc.gov/api/v2/resources/media/345008/syndicate.json","datePublished":"2013-02-04T12:00:00Z","dateModified":"2015-09-21T15:48:16Z","enclosures":[{"id":1758,"resourceUrl":"http://www.cdc.gov/mobile/Applications/CDCGeneral/VitalSignsThumbnails/2013_02.jpg","contentType":"image/jpeg","size":6185}]},{"id":345009,"name":"Binge Drinking","description":"Drinking too much – including binge drinking* – is a dangerous behavior resulting in about 23,000 deaths in women and girls each year. Binge drinking increases the chances of breast cancer, sexually transmitted diseases, heart disease, unintended pregnancy, and many other health problems. Drinking during pregnancy is very dangerous, and can lead to sudden infant death syndrome and fetal alcohol spectrum disorders.","mediaType":"Feed Item","language":{"name":"English","isoCode":"eng"},"tags":[{"id":25715,"name":"Health and Wellness","language":"English","type":"Topic"},{"id":26290,"name":"Vital Signs","language":"English","type":"ContentGroup"}],"sourceUrl":"http://www.cdc.gov/vitalsigns/bingedrinkingfemale/index.html","syndicateUrl":"https://oadc-dmb-dev-service.cdc.gov/api/v2/resources/media/345009/syndicate.json","datePublished":"2013-01-08T12:00:00Z","dateModified":"2015-09-21T15:48:18Z","enclosures":[{"id":1759,"resourceUrl":"http://www.cdc.gov/mobile/Applications/CDCGeneral/VitalSignsThumbnails/2013_01.jpg","contentType":"image/jpeg","size":5277}]},{"id":345010,"name":"HIV Among Youth in the US","description":"About 50,000 people are infected with HIV each year, and 1 in 4 is 13 to 24 years old. Youth make up 7% of the more than 1 million people in the US living with HIV. About 12,000 youth were infected with HIV in 2010. The greatest number of infections occurred among gay and bisexual youth. Nearly half of all new infections among youth occur in African American males.","mediaType":"Feed Item","language":{"name":"English","isoCode":"eng"},"tags":[{"id":25715,"name":"Health and Wellness","language":"English","type":"Topic"},{"id":26290,"name":"Vital Signs","language":"English","type":"ContentGroup"}],"sourceUrl":"http://www.cdc.gov/vitalsigns/HIVAmongYouth/index.html","syndicateUrl":"https://oadc-dmb-dev-service.cdc.gov/api/v2/resources/media/345010/syndicate.json","datePublished":"2012-11-27T12:00:00Z","dateModified":"2015-09-21T15:48:20Z","enclosures":[{"id":1760,"resourceUrl":"http://www.cdc.gov/mobile/Applications/CDCGeneral/VitalSignsThumbnails/2012_11-2.jpg","contentType":"image/jpeg","size":5939}]},{"id":345011,"name":"Breast Cancer","description":"Breast cancer is the second leading cause of cancer deaths among women in the United States (2005-2009). Breast cancer deaths are going down the fastest among white women compared to women of other races and ethnicities. Black women have the highest death rates of all racial and ethnic groups and are 40% more likely to die of breast cancer than white women. Why? The reasons for this difference result from many factors including having more aggressive cancers and fewer social and economic resources. ","mediaType":"Feed Item","language":{"name":"English","isoCode":"eng"},"tags":[{"id":25715,"name":"Health and Wellness","language":"English","type":"Topic"},{"id":26290,"name":"Vital Signs","language":"English","type":"ContentGroup"}],"sourceUrl":"http://www.cdc.gov/vitalsigns/BreastCancer/index.html","syndicateUrl":"https://oadc-dmb-dev-service.cdc.gov/api/v2/resources/media/345011/syndicate.json","datePublished":"2012-11-14T12:00:00Z","dateModified":"2015-09-21T15:48:22Z","enclosures":[{"id":1761,"resourceUrl":"http://www.cdc.gov/mobile/Applications/CDCGeneral/VitalSignsThumbnails/2012_11.jpg","contentType":"image/jpeg","size":7372}]},{"id":345012,"name":"Teen Drinking and Driving","description":"The percentage of teens in high school who drink and drive has decreased by more than half since 1991,* but more can be done. Nearly one million high school teens drank alcohol and got behind the wheel in 2011. Teen drivers are 3 times more likely than more experienced drivers to be in a fatal crash. Drinking any alcohol greatly increases this risk for teens.\n\nResearch has shown that factors that help to keep teens safe include parental involvement, minimum legal drinking age and zero tolerance laws, and graduated driver licensing systems. These proven steps can protect the lives of more young drivers and everyone who shares the road with them.","mediaType":"Feed Item","language":{"name":"English","isoCode":"eng"},"tags":[{"id":25715,"name":"Health and Wellness","language":"English","type":"Topic"},{"id":26290,"name":"Vital Signs","language":"English","type":"ContentGroup"}],"sourceUrl":"http://www.cdc.gov/vitalsigns/TeenDrinkingAndDriving/index.html","syndicateUrl":"https://oadc-dmb-dev-service.cdc.gov/api/v2/resources/media/345012/syndicate.json","datePublished":"2012-10-02T11:00:00Z","dateModified":"2015-09-21T15:48:24Z","enclosures":[{"id":1762,"resourceUrl":"http://www.cdc.gov/mobile/Applications/CDCGeneral/VitalSignsThumbnails/2012_10.jpg","contentType":"image/jpeg","size":7361}]},{"id":345013,"name":"Getting Blood Pressure Under Control","description":"High blood pressure is a major risk factor for heart disease and stroke, both of which are leading causes of death in the US. Nearly one-third of all American adults have high blood pressure and more than half of them don’t have it under control.* Many with uncontrolled high blood pressure don’t know they have it. Millions are taking blood pressure medicines, but their blood pressure is still not under control. There are many missed opportunities for people with high blood pressure to gain control. Doctors, nurses and others in health care systems should identify and treat high blood pressure at every visit.","mediaType":"Feed Item","language":{"name":"English","isoCode":"eng"},"tags":[{"id":25715,"name":"Health and Wellness","language":"English","type":"Topic"},{"id":26290,"name":"Vital Signs","language":"English","type":"ContentGroup"}],"sourceUrl":"http://www.cdc.gov/vitalsigns/Hypertension/index.html","syndicateUrl":"https://oadc-dmb-dev-service.cdc.gov/api/v2/resources/media/345013/syndicate.json","datePublished":"2012-09-04T11:19:00Z","dateModified":"2015-09-21T15:48:26Z","enclosures":[{"id":1763,"resourceUrl":"http://www.cdc.gov/mobile/Applications/CDCGeneral/VitalSignsThumbnails/2012_09.jpg","contentType":"image/jpeg","size":5232}]},{"id":345014,"name":"More People Walk to Better Health","description":"More than 145 million adults now include walking as part of a physically active lifestyle. More than 6 in 10 people walk for transportation or for fun, relaxation, or exercise, or for activities such as walking the dog. The percentage of people who report walking at least once for 10 minutes or more in the previous week rose from 56% (2005) to 62% (2010).","mediaType":"Feed Item","language":{"name":"English","isoCode":"eng"},"tags":[{"id":25715,"name":"Health and Wellness","language":"English","type":"Topic"},{"id":26290,"name":"Vital Signs","language":"English","type":"ContentGroup"}],"sourceUrl":"http://www.cdc.gov/vitalsigns/Walking/index.html","syndicateUrl":"https://oadc-dmb-dev-service.cdc.gov/api/v2/resources/media/345014/syndicate.json","datePublished":"2012-08-07T11:19:00Z","dateModified":"2015-09-21T15:48:29Z","enclosures":[{"id":1764,"resourceUrl":"http://www.cdc.gov/mobile/Applications/CDCGeneral/VitalSignsThumbnails/2012_08.jpg","contentType":"image/jpeg","size":6326}]},{"id":345015,"name":"Prescription Painkiller Overdoses","description":"Prescription painkiller overdoses* were responsible for more than 15,500 deaths in 2009. While all prescription painkillers have contributed to an increase in overdose deaths over the last decade, methadone has played a central role in the epidemic.","mediaType":"Feed Item","language":{"name":"English","isoCode":"eng"},"tags":[{"id":25715,"name":"Health and Wellness","language":"English","type":"Topic"},{"id":26290,"name":"Vital Signs","language":"English","type":"ContentGroup"}],"sourceUrl":"http://www.cdc.gov/vitalsigns/MethadoneOverdoses/index.html","syndicateUrl":"https://oadc-dmb-dev-service.cdc.gov/api/v2/resources/media/345015/syndicate.json","datePublished":"2012-07-03T11:19:00Z","dateModified":"2015-09-21T15:48:31Z","enclosures":[{"id":1765,"resourceUrl":"http://www.cdc.gov/mobile/Applications/CDCGeneral/VitalSignsThumbnails/2012_07.jpg","contentType":"image/jpeg","size":6375}]},{"id":345016,"name":"Child Injury","description":"Child injuries are preventable, yet more than 9,000 children died from injuries in the US in 2009. Car crashes, suffocation, drowning, poisoning, fires, and falls are some of the most common ways children are hurt or killed.","mediaType":"Feed Item","language":{"name":"English","isoCode":"eng"},"tags":[{"id":25715,"name":"Health and Wellness","language":"English","type":"Topic"},{"id":26290,"name":"Vital Signs","language":"English","type":"ContentGroup"}],"sourceUrl":"http://www.cdc.gov/vitalsigns/ChildInjury/index.html","syndicateUrl":"https://oadc-dmb-dev-service.cdc.gov/api/v2/resources/media/345016/syndicate.json","datePublished":"2012-04-17T11:19:00Z","dateModified":"2015-09-21T15:48:33Z","enclosures":[{"id":1766,"resourceUrl":"http://www.cdc.gov/mobile/Applications/CDCGeneral/VitalSignsThumbnails/2012_04.jpg","contentType":"image/jpeg","size":6312}]},{"id":345017,"name":"Making Health Care Safer: Stopping C. difficile infections","description":"People getting medical care can catch serious infections called health care-associated infections (HAIs). While most types of HAIs are declining, one – caused by the germ C. difficile* – remains at historically high levels. C. difficile causes diarrhea linked to 14,000 American deaths each year. Those most at risk are people, especially older adults, who take antibiotics and also get medical care. When a person takes antibiotics, good germs that protect against infection are destroyed for several months. During this time, patients can get sick from C. difficile picked up from contaminated surfaces or spread from a health care provider's hands. About 25% of C. difficile infections first show symptoms in hospital patients; 75% first show in nursing home patients or in people recently cared for in doctors' offices and clinics. C. difficile infections cost at least $1 billion in extra health care costs annually.","mediaType":"Feed Item","language":{"name":"English","isoCode":"eng"},"tags":[{"id":25715,"name":"Health and Wellness","language":"English","type":"Topic"},{"id":26290,"name":"Vital Signs","language":"English","type":"ContentGroup"}],"sourceUrl":"http://www.cdc.gov/vitalsigns/hai/index.html","syndicateUrl":"https://oadc-dmb-dev-service.cdc.gov/api/v2/resources/media/345017/syndicate.json","datePublished":"2012-03-07T11:19:00Z","dateModified":"2015-09-21T15:48:35Z","enclosures":[{"id":1767,"resourceUrl":"http://www.cdc.gov/mobile/Applications/CDCGeneral/VitalSignsThumbnails/2012_03.jpg","contentType":"image/jpeg","size":4853}]},{"id":345018,"name":"Where's the sodium?","description":"About 90% of Americans eat more sodium than is recommended for a healthy diet. Too much sodium increases a person's risk for high blood pressure. High blood pressure often leads to heart disease and stroke. More than 800,000 people die each year from heart disease, stroke and other vascular diseases, costing the nation $273 billion health care dollars in 2010. Most of the sodium we eat comes from processed foods and foods prepared in restaurants. Sodium is already part of processed foods and you can't remove it. However, manufacturers and restaurants can produce foods with less sodium. In addition, you can select lower sodium foods when possible and you can cook more foods yourself, to better control how much sodium you eat.","mediaType":"Feed Item","language":{"name":"English","isoCode":"eng"},"tags":[{"id":25715,"name":"Health and Wellness","language":"English","type":"Topic"},{"id":26290,"name":"Vital Signs","language":"English","type":"ContentGroup"}],"sourceUrl":"http://www.cdc.gov/VitalSigns/Sodium/index.html","syndicateUrl":"https://oadc-dmb-dev-service.cdc.gov/api/v2/resources/media/345018/syndicate.json","datePublished":"2012-02-07T11:19:00Z","dateModified":"2015-09-21T15:48:37Z","enclosures":[{"id":1768,"resourceUrl":"http://www.cdc.gov/mobile/Applications/CDCGeneral/VitalSignsThumbnails/2012_02.jpg","contentType":"image/jpeg","size":5915}]},{"id":345019,"name":"Binge Drinking","description":"New estimates show that binge drinking* is a bigger problem than previously thought. More than 38 million US adults binge drink, about 4 times a month, and the largest number of drinks per binge is on average 8. This behavior greatly increases the chances of getting hurt or hurting others due to car crashes, violence, and suicide. Drinking too much, including binge drinking, causes 80,000 deaths in the US each year and, in 2006 cost the economy $223.5 billion. Binge drinking is a problem in all states, even in states with fewer binge drinkers, because they are binging more often and in larger amounts.","mediaType":"Feed Item","language":{"name":"English","isoCode":"eng"},"tags":[{"id":25715,"name":"Health and Wellness","language":"English","type":"Topic"},{"id":26290,"name":"Vital Signs","language":"English","type":"ContentGroup"}],"sourceUrl":"http://www.cdc.gov/VitalSigns/BingeDrinking/index.html","syndicateUrl":"https://oadc-dmb-dev-service.cdc.gov/api/v2/resources/media/345019/syndicate.json","datePublished":"2012-01-10T11:19:00Z","dateModified":"2015-09-21T15:48:39Z","enclosures":[{"id":1769,"resourceUrl":"http://www.cdc.gov/mobile/Applications/CDCGeneral/VitalSignsThumbnails/2012_01.jpg","contentType":"image/jpeg","size":5126}]},{"id":345020,"name":"New Hope for Stopping HIV","description":"Too many people don't know they have HIV (human immunodeficiency virus). About 1.2 million people are living with HIV in the US but about 240,000 don't know they are infected. Each year, about 50,000 people get infected with HIV in the US. Getting an HIV test is the first step to finding out if you have HIV and getting medical care. Without medical care, HIV leads to AIDS (acquired immunodeficiency syndrome) and early death. \n\nThere's new hope today for stopping HIV in the US. Medicines (antiretroviral therapy or ART) can lower the level of virus in the body. ART helps people with HIV live longer, healthier lives and also lowers the chances of passing HIV on to others. However, only 28% are getting the care they need to manage the disease and keep the virus under control. To help stop HIV, get tested. If you have HIV, get medical care and work with your health care provider to contr","mediaType":"Feed Item","language":{"name":"English","isoCode":"eng"},"tags":[{"id":25715,"name":"Health and Wellness","language":"English","type":"Topic"},{"id":26290,"name":"Vital Signs","language":"English","type":"ContentGroup"}],"sourceUrl":"http://www.cdc.gov/VitalSigns/HIVtesting/index.html","syndicateUrl":"https://oadc-dmb-dev-service.cdc.gov/api/v2/resources/media/345020/syndicate.json","datePublished":"2011-11-29T11:19:00Z","dateModified":"2015-09-21T15:48:41Z","enclosures":[{"id":1770,"resourceUrl":"http://www.cdc.gov/mobile/Applications/CDCGeneral/VitalSignsThumbnails/2011_12.jpg","contentType":"image/jpeg","size":4918}]},{"id":345021,"name":"Prescription Painkiller Overdoses in the US","description":"Deaths from prescription painkillers* have reached epidemic levels in the past decade. The number of overdose deaths is now greater than those of deaths from heroin and cocaine combined. A big part of the problem is nonmedical use of prescription painkillers—using drugs without a prescription, or using drugs just for the \"high\" they cause. In 2010, about 12 million Americans (age 12 or older) reported nonmedical use of prescription painkillers in the past year.","mediaType":"Feed Item","language":{"name":"English","isoCode":"eng"},"tags":[{"id":25715,"name":"Health and Wellness","language":"English","type":"Topic"},{"id":26290,"name":"Vital Signs","language":"English","type":"ContentGroup"}],"sourceUrl":"http://www.cdc.gov/vitalsigns/PainkillerOverdoses/index.html","syndicateUrl":"https://oadc-dmb-dev-service.cdc.gov/api/v2/resources/media/345021/syndicate.json","datePublished":"2011-11-04T17:08:00Z","dateModified":"2015-09-21T15:48:43Z","enclosures":[{"id":1771,"resourceUrl":"http://www.cdc.gov/mobile/Applications/CDCGeneral/VitalSignsThumbnails/2011_11.jpg","contentType":"image/jpeg","size":9303}]},{"id":345022,"name":"Drinking and Driving: A Threat to Everyone","description":"US adults drank too much and got behind the wheel about 112 million times in 2010. Though episodes of driving after drinking too much (\"drinking and driving\") have gone down by 30% during the past 5 years, it remains a serious problem in the US. Alcohol-impaired drivers* are involved in about 1 in 3 crash deaths, resulting in nearly 11,000 deaths in 2009.","mediaType":"Feed Item","language":{"name":"English","isoCode":"eng"},"tags":[{"id":25715,"name":"Health and Wellness","language":"English","type":"Topic"},{"id":26290,"name":"Vital Signs","language":"English","type":"ContentGroup"}],"sourceUrl":"http://www.cdc.gov/vitalsigns/DrinkingAndDriving/index.html","syndicateUrl":"https://oadc-dmb-dev-service.cdc.gov/api/v2/resources/media/345022/syndicate.json","datePublished":"2011-10-04T17:08:00Z","dateModified":"2015-09-21T15:48:46Z","enclosures":[{"id":1772,"resourceUrl":"http://www.cdc.gov/mobile/Applications/CDCGeneral/VitalSignsThumbnails/2011_10.jpg","contentType":"image/jpeg","size":2785}]},{"id":345023,"name":"Adult Smoking in the US","description":"Tobacco use remains the single largest preventable cause of disease, disability, and death in the US. Some people who smoke every day are smoking fewer cigarettes; however, even occasional smoking causes harm. The percentage of American adults who smoke decreased from 20.9% in 2005 to 19.3% in 2010. That translates to 3 million fewer smokers than there would have been with no decline. But almost 1 in 5 adults still smoke. Reducing tobacco use is a winnable battle—a public health priority with known, effective actions for success. A combination of smoke-free laws, cigarette price increases, access to proven quitting treatments and services, and hard-hitting media campaigns reduces health care costs and saves lives.","mediaType":"Feed Item","language":{"name":"English","isoCode":"eng"},"tags":[{"id":25715,"name":"Health and Wellness","language":"English","type":"Topic"},{"id":26290,"name":"Vital Signs","language":"English","type":"ContentGroup"}],"sourceUrl":"http://www.cdc.gov/vitalsigns/AdultSmoking/index.html","syndicateUrl":"https://oadc-dmb-dev-service.cdc.gov/api/v2/resources/media/345023/syndicate.json","datePublished":"2011-09-04T17:07:00Z","dateModified":"2015-09-21T15:48:48Z","enclosures":[{"id":1773,"resourceUrl":"http://www.cdc.gov/mobile/Applications/CDCGeneral/VitalSignsThumbnails/2011_09.jpg","contentType":"image/jpeg","size":2976}]},{"id":345024,"name":"Hospital Support for Breastfeeding","description":"Childhood obesity is an epidemic. In the US, 1 preschooler in 5 is at least overweight, and half of these are obese. Breastfeeding helps protect against childhood obesity. A baby's risk of becoming an overweight child goes down with each month of breastfeeding. In the US, most babies start breastfeeding, but within the first week, half have already been given formula, and by 9 months, only 31% of babies are breastfeeding at all. Hospitals can either help or hinder mothers and babies as they begin to breastfeed. The Baby- Friendly Hospital Initiative describes Ten Steps to Successful Breastfeeding that have been shown to increase breastfeeding rates by providing support to mothers. Unfortunately, most US hospitals do not fully support breastfeeding; they should do more to make sure mothers can start and continue breastfeeding.","mediaType":"Feed Item","language":{"name":"English","isoCode":"eng"},"tags":[{"id":25715,"name":"Health and Wellness","language":"English","type":"Topic"},{"id":26290,"name":"Vital Signs","language":"English","type":"ContentGroup"}],"sourceUrl":"http://www.cdc.gov/vitalsigns/Breastfeeding/index.html","syndicateUrl":"https://oadc-dmb-dev-service.cdc.gov/api/v2/resources/media/345024/syndicate.json","datePublished":"2011-08-04T17:07:00Z","dateModified":"2015-09-21T15:48:50Z","enclosures":[{"id":1774,"resourceUrl":"http://www.cdc.gov/mobile/Applications/CDCGeneral/VitalSignsThumbnails/2011_08.jpg","contentType":"image/jpeg","size":3346}]},{"id":345025,"name":"Colorectal Cancer","description":"Colorectal cancer is the #2 cancer killer in the US among cancers that affect both men and women. But it doesn't have to be. Screening can find precancerous polyps (abnormal growths) so they can be removed before they turn into cancer. Screening can also find colorectal cancer early when it is easiest to treat. A new CDC report says that rates of new cases and deaths of colorectal cancer are decreasing and more adults are being screened. Between 2003 and 2007, approximately 66,000 colorectal cancer cases were prevented and 32,000 lives were saved compared to 2002. Half of these prevented cases and deaths were due to screening.","mediaType":"Feed Item","language":{"name":"English","isoCode":"eng"},"tags":[{"id":25715,"name":"Health and Wellness","language":"English","type":"Topic"},{"id":26290,"name":"Vital Signs","language":"English","type":"ContentGroup"}],"sourceUrl":"http://www.cdc.gov/vitalsigns/CancerScreening/index.html","syndicateUrl":"https://oadc-dmb-dev-service.cdc.gov/api/v2/resources/media/345025/syndicate.json","datePublished":"2011-07-04T17:06:00Z","dateModified":"2015-09-21T15:48:52Z","enclosures":[{"id":1775,"resourceUrl":"http://www.cdc.gov/mobile/Applications/CDCGeneral/VitalSignsThumbnails/2011_07.jpg","contentType":"image/jpeg","size":3317}]},{"id":345026,"name":"Making Food Safer to Eat","description":"Each year, roughly 1 in 6 people in the US gets sick from eating contaminated food. The 1,000 or more reported outbreaks that happen each year reveal familiar culprits—Salmonella and other common germs. We know that reducing contamination works. During the past 15 years, a dangerous type of E. coli infection, responsible for the recall of millions of pounds of ground beef, has been cut almost in half. Yet during that same time, Salmonella infection, which causes more hospitalizations and deaths than any other type of germ found in food and $365 million in direct medical costs annually, has not declined. Each year, 1 million people get sick from eating food contaminated with Salmonella. Applying lessons learned from reducing E. coli O157 infections could help reduce illness caused by Salmonella.","mediaType":"Feed Item","language":{"name":"English","isoCode":"eng"},"tags":[{"id":25715,"name":"Health and Wellness","language":"English","type":"Topic"},{"id":26290,"name":"Vital Signs","language":"English","type":"ContentGroup"}],"sourceUrl":"http://www.cdc.gov/vitalsigns/FoodSafety/index.html","syndicateUrl":"https://oadc-dmb-dev-service.cdc.gov/api/v2/resources/media/345026/syndicate.json","datePublished":"2011-06-04T17:06:00Z","dateModified":"2015-09-21T15:48:54Z","enclosures":[{"id":1776,"resourceUrl":"http://www.cdc.gov/mobile/Applications/CDCGeneral/VitalSignsThumbnails/2011_06.jpg","contentType":"image/jpeg","size":3208}]},{"id":345027,"name":"Asthma in the US","description":"Asthma is a lifelong disease that causes wheezing, breathlessness, chest tightness, and coughing. It can limit a person's quality of life. While we don't know why asthma rates are rising, we do know that most people with asthma can control their symptoms and prevent asthma attacks by avoiding asthma triggers and correctly using prescribed medicines, such as inhaled corticosteroids.\n\nThe number of people diagnosed with asthma grew by 4.3 million from 2001 to 2009. From 2001 through 2009 asthma rates rose the most among black children, almost a 50% increase. Asthma was linked to 3,447 deaths (about 9 per day) in 2007. Asthma costs in the US grew from about $53 billion in 2002 to about $56 billion in 2007, about a 6% increase. Greater access to medical care is needed for the growing number of people with asthma.","mediaType":"Feed Item","language":{"name":"English","isoCode":"eng"},"tags":[{"id":25715,"name":"Health and Wellness","language":"English","type":"Topic"},{"id":26290,"name":"Vital Signs","language":"English","type":"ContentGroup"}],"sourceUrl":"http://www.cdc.gov/vitalsigns/Asthma/index.html","syndicateUrl":"https://oadc-dmb-dev-service.cdc.gov/api/v2/resources/media/345027/syndicate.json","datePublished":"2011-05-04T17:05:00Z","dateModified":"2015-09-21T15:48:57Z","enclosures":[{"id":1777,"resourceUrl":"http://www.cdc.gov/mobile/Applications/CDCGeneral/VitalSignsThumbnails/2011_05.jpg","contentType":"image/jpeg","size":3619}]},{"id":345028,"name":"Preventing Pregnancies in Younger Teens","description":"Teen births in the US have declined over the last 20 years to the lowest level ever recorded, but still more than 86,000 teens ages 15 to 17 gave birth in 2012. Giving birth during the teen years has been linked with increased medical risks and emotional, social, and financial costs to the mother and her children. Becoming a teen mom affects whether the mother finishes high school, goes to college, and the type of job she will get, especially for younger teens ages 15 to 17. More can be done to prevent younger teens from becoming pregnant, particularly in health care.","mediaType":"Feed Item","language":{"name":"English","isoCode":"eng"},"tags":[{"id":25715,"name":"Health and Wellness","language":"English","type":"Topic"},{"id":26290,"name":"Vital Signs","language":"English","type":"ContentGroup"}],"sourceUrl":"http://www.cdc.gov/vitalsigns/young-teen-pregnancy/index.html","syndicateUrl":"https://oadc-dmb-dev-service.cdc.gov/api/v2/resources/media/345028/syndicate.json","datePublished":"2011-04-08T13:00:00Z","dateModified":"2015-09-21T15:48:59Z","enclosures":[{"id":1778,"resourceUrl":"http://www.cdc.gov/mobile/Applications/CDCGeneral/VitalSignsThumbnails/2014-04.jpg","contentType":"image/jpeg","size":26510}]}]}